media_id,bone_canonical,category,is_target,is_partial,selected_for_download,title,part_raw,side,media_type,modality,species,physical_object_id,physical_object_title,sex,visibility,license,rights_statement,ip_holder,use_agreement_type,permits_commercial_use,permits_3d_use,file_size_all,date_uploaded,creator,website_url,thumbnail_url,external_media_url,doi,ark,download_status,local_path,downloaded_at
000048475,,endocast,False,False,False,Dh3 Endocast Closed [Mesh] [Etc],DH3 Endocast Closed,,Mesh,LaserScan,Homo naledi,000S12152,wits:dinaledi:DH3_Endocast,,open,,,,Standard,CommercialUseNotPermitted,3DPrintingLimited,17935950,2018-05-14T14:03:14Z,,https://www.morphosource.org/concern/media/000048475,https://www.morphosource.org/downloads/000242687?file=thumbnail&t=1603763642,,,ark:/87602/m4/M48475,,,
000048476,,endocast,False,False,False,Dh3 Endocast Original [Mesh] [Etc],DH3 Endocast Original,,Mesh,LaserScan,Homo naledi,000S12152,wits:dinaledi:DH3_Endocast,,open,,,,Standard,CommercialUseNotPermitted,3DPrintingLimited,17016310,2018-05-14T14:03:18Z,,https://www.morphosource.org/concern/media/000048476,https://www.morphosource.org/downloads/000242686?file=thumbnail&t=1603763642,,,ark:/87602/m4/M48476,,,
000048478,,endocast,False,False,False,Dh2 Endocast Closed [Mesh] [Etc],DH2 Endocast Closed,,Mesh,LaserScan,Homo naledi,000S12153,wits:dinaledi:DH2_Endocast,,open,,,,Standard,CommercialUseNotPermitted,3DPrintingLimited,26277856,2018-05-14T14:17:58Z,,https://www.morphosource.org/concern/media/000048478,https://www.morphosource.org/downloads/000242689?file=thumbnail&t=1603763642,,,ark:/87602/m4/M48478,,,
000048486,,endocast,False,False,False,Dh4 Endocast [Mesh] [Etc],DH4 Endocast,,Mesh,LaserScan,Homo naledi,000S12156,wits:dinaledi:DH4_Endocast,,open,,,,Standard,CommercialUseNotPermitted,3DPrintingLimited,11606822,2018-05-14T14:56:58Z,,https://www.morphosource.org/concern/media/000048486,https://www.morphosource.org/downloads/000242695?file=thumbnail&t=1603763648,,,ark:/87602/m4/M48486,,,
000048487,,endocast,False,False,False,Dh5 Endocast [Mesh] [Etc],DH5 Endocast,,Mesh,LaserScan,Homo naledi,000S12157,wits:dinaledi:DH5_Endocast,,open,,,,Standard,CommercialUseNotPermitted,3DPrintingLimited,3814964,2018-05-14T15:03:21Z,,https://www.morphosource.org/concern/media/000048487,https://www.morphosource.org/downloads/000242696?file=thumbnail&t=1603763649,,,ark:/87602/m4/M48487,,,
000048488,,endocast,False,False,False,U.W.101 200 Endocast [Mesh] [Etc],U.W.101-200 Endocast,,Mesh,LaserScan,Homo naledi,000S12158,wits:dinaledi:101-200,,open,,,,Standard,CommercialUseNotPermitted,3DPrintingLimited,2927517,2018-05-14T15:13:19Z,,https://www.morphosource.org/concern/media/000048488,https://www.morphosource.org/downloads/000242697?file=thumbnail&t=1603763656,,,ark:/87602/m4/M48488,,,
000006484,,other,False,False,False,Ilium Fragment [Mesh] [Etc],ilium fragment,Right,Mesh,LaserScan,Homo naledi,0000S2109,wits:dinaledi:101-1100,,open,,,,Standard,CommercialUseNotPermitted,3DPrintingLimited,234920166,2015-09-05T17:10:19Z,,https://www.morphosource.org/concern/media/000006484,https://www.morphosource.org/downloads/000206097?file=thumbnail&t=1603144745,,,ark:/87602/m4/M6484,,,
000006489,,other,False,False,False,Ilium Fragment [Image] [Etc],ilium fragment,Right,Image,Photography,Homo naledi,0000S2109,wits:dinaledi:101-1100,,open,,,,Standard,CommercialUseNotPermitted,3DPrintingLimited,186293,2015-09-07T18:12:55Z,,https://www.morphosource.org/concern/media/000006489,https://www.morphosource.org/downloads/000206101?file=thumbnail&t=1603144756,,,ark:/87602/m4/M6489,,,
000006490,,other,False,False,False,Medial Cuneiform [Mesh] [Etc],Medial Cuneiform,Left,Mesh,LaserScan,Homo naledi,0000S2113,wits:dinaledi:101-1535,,open,,,,Standard,CommercialUseNotPermitted,3DPrintingLimited,4887233,2015-09-08T17:28:44Z,,https://www.morphosource.org/concern/media/000006490,https://www.morphosource.org/downloads/000206102?file=thumbnail&t=1603144757,,,ark:/87602/m4/M6490,,,
000006491,,other,False,False,False,Metacarpal 3 [Mesh] [Etc],Metacarpal 3,Left,Mesh,LaserScan,Homo naledi,0000S2115,wits:dinaledi:101-033,,open,,,,Standard,CommercialUseNotPermitted,3DPrintingLimited,1125648,2015-09-08T21:10:20Z,,https://www.morphosource.org/concern/media/000006491,https://www.morphosource.org/downloads/000206103?file=thumbnail&t=1603144757,,,ark:/87602/m4/M6491,,,
000006492,,other,False,False,False,Lunate [Mesh] [Etc],lunate,Left,Mesh,LaserScan,Homo naledi,0000S2116,wits:dinaledi:101-418b,,open,,,,Standard,CommercialUseNotPermitted,3DPrintingLimited,742869,2015-09-08T21:18:35Z,,https://www.morphosource.org/concern/media/000006492,https://www.morphosource.org/downloads/000206105?file=thumbnail&t=1603144757,,,ark:/87602/m4/M6492,,,
000006493,,other,False,False,False,Manual Ip4 [Mesh] [Etc],manual IP4,Right,Mesh,LaserScan,Homo naledi,0000S2117,wits:dinaledi:101-1308,,open,,,,Standard,CommercialUseNotPermitted,3DPrintingLimited,1150739,2015-09-08T21:22:09Z,,https://www.morphosource.org/concern/media/000006493,https://www.morphosource.org/downloads/000206104?file=thumbnail&t=1603144757,,,ark:/87602/m4/M6493,,,
000006494,,other,False,False,False,Metacarpal 5 [Mesh] [Etc],metacarpal 5,Right,Mesh,LaserScan,Homo naledi,0000S2118,wits:dinaledi:101-1309,,open,,,,Standard,CommercialUseNotPermitted,3DPrintingLimited,1506893,2015-09-08T21:24:47Z,,https://www.morphosource.org/concern/media/000006494,https://www.morphosource.org/downloads/000206106?file=thumbnail&t=1603144758,,,ark:/87602/m4/M6494,,,
000006495,,other,False,False,False,Manual Ip3 [Mesh] [Etc],manual IP3,Right,Mesh,LaserScan,Homo naledi,0000S2119,wits:dinaledi:101-1310,,open,,,,Standard,CommercialUseNotPermitted,3DPrintingLimited,850561,2015-09-08T21:29:25Z,,https://www.morphosource.org/concern/media/000006495,https://www.morphosource.org/downloads/000206107?file=thumbnail&t=1603144758,,,ark:/87602/m4/M6495,,,
000006496,,other,False,False,False,Manual Ip2 [Mesh] [Etc],manual IP2,Right,Mesh,LaserScan,Homo naledi,0000S2120,wits:dinaledi:101-1311,,open,,,,Standard,CommercialUseNotPermitted,3DPrintingLimited,778124,2015-09-08T21:32:03Z,,https://www.morphosource.org/concern/media/000006496,https://www.morphosource.org/downloads/000206108?file=thumbnail&t=1603144760,,,ark:/87602/m4/M6496,,,
000006497,,other,False,False,False,Mc4 [Mesh] [Etc],Mc4,Right,Mesh,LaserScan,Homo naledi,0000S2121,wits:dinaledi:101-1318,,open,,,,Standard,CommercialUseNotPermitted,3DPrintingLimited,1544610,2015-09-08T21:35:10Z,,https://www.morphosource.org/concern/media/000006497,https://www.morphosource.org/downloads/000206109?file=thumbnail&t=1603144760,,,ark:/87602/m4/M6497,,,
000006498,,other,False,False,False,Mc3 [Mesh] [Etc],Mc3,Right,Mesh,LaserScan,Homo naledi,0000S2122,wits:dinaledi:101-1319,,open,,,,Standard,CommercialUseNotPermitted,3DPrintingLimited,6027277,2015-09-08T21:37:16Z,,https://www.morphosource.org/concern/media/000006498,https://www.morphosource.org/downloads/000206110?file=thumbnail&t=1603144760,,,ark:/87602/m4/M6498,,,
000006499,,other,False,False,False,Mc3 [Mesh] [Etc],Mc3,Right,Mesh,LaserScan,Homo naledi,0000S2122,wits:dinaledi:101-1319,,open,,,,Standard,CommercialUseNotPermitted,3DPrintingLimited,6027277,2015-09-08T21:37:25Z,,https://www.morphosource.org/concern/media/000006499,https://www.morphosource.org/downloads/000206111?file=thumbnail&t=1603144761,,,ark:/87602/m4/M6499,,,
000006500,,other,False,False,False,Mc2 [Mesh] [Etc],Mc2,Right,Mesh,LaserScan,Homo naledi,0000S2123,wits:dinaledi:101-1320,,open,,,,Standard,CommercialUseNotPermitted,3DPrintingLimited,1893214,2015-09-08T21:49:08Z,,https://www.morphosource.org/concern/media/000006500,https://www.morphosource.org/downloads/000206112?file=thumbnail&t=1603144763,,,ark:/87602/m4/M6500,,,
000006502,,other,False,False,False,Manual Ip5 [Mesh] [Etc],manual IP5,Right,Mesh,LaserScan,Homo naledi,0000S2125,wits:dinaledi:101-1325,,open,,,,Standard,CommercialUseNotPermitted,3DPrintingLimited,923315,2015-09-08T21:59:52Z,,https://www.morphosource.org/concern/media/000006502,https://www.morphosource.org/downloads/000206114?file=thumbnail&t=1603144772,,,ark:/87602/m4/M6502,,,
000006503,,other,False,False,False,Manual Pp4 [Mesh] [Etc],manual PP4,Right,Mesh,LaserScan,Homo naledi,0000S2126,wits:dinaledi:101-1326,,open,,,,Standard,CommercialUseNotPermitted,3DPrintingLimited,1184095,2015-09-08T22:03:34Z,,https://www.morphosource.org/concern/media/000006503,https://www.morphosource.org/downloads/000206115?file=thumbnail&t=1603144772,,,ark:/87602/m4/M6503,,,
000006504,,other,False,False,False,Manual Pp3 [Mesh] [Etc],manual PP3,Right,Mesh,LaserScan,Homo naledi,0000S2127,wits:dinaledi:101-1327,,open,,,,Standard,CommercialUseNotPermitted,3DPrintingLimited,1097801,2015-09-08T23:03:50Z,,https://www.morphosource.org/concern/media/000006504,https://www.morphosource.org/downloads/000206116?file=thumbnail&t=1603144772,,,ark:/87602/m4/M6504,,,
000006505,,other,False,False,False,Manual Pp2 [Mesh] [Etc],manual PP2,Right,Mesh,LaserScan,Homo naledi,0000S2128,wits:dinaledi:101-1328,,open,,,,Standard,CommercialUseNotPermitted,3DPrintingLimited,1059460,2015-09-08T23:06:36Z,,https://www.morphosource.org/concern/media/000006505,https://www.morphosource.org/downloads/000206117?file=thumbnail&t=1603144773,,,ark:/87602/m4/M6505,,,
000006506,,other,False,False,False,Manual Dp2 [Mesh] [Etc],manual DP2,Right,Mesh,LaserScan,Homo naledi,0000S2129,wits:dinaledi:101-1329,,open,,,,Standard,CommercialUseNotPermitted,3DPrintingLimited,380951,2015-09-08T23:10:14Z,,https://www.morphosource.org/concern/media/000006506,https://www.morphosource.org/downloads/000206118?file=thumbnail&t=1603144774,,,ark:/87602/m4/M6506,,,
000006507,,other,False,False,False,Manual Dp1 [Mesh] [Etc],manual DP1,Right,Mesh,LaserScan,Homo naledi,0000S2130,wits:dinaledi:101-1351,,open,,,,Standard,CommercialUseNotPermitted,3DPrintingLimited,761518,2015-09-08T23:15:38Z,,https://www.morphosource.org/concern/media/000006507,https://www.morphosource.org/downloads/000206119?file=thumbnail&t=1603144774,,,ark:/87602/m4/M6507,,,
000006508,,other,False,False,False,U.W. 101 1277 [Mesh] [Etc],U.W. 101-1277,Left,Mesh,LaserScan,Homo naledi,0000S2108,wits:dinaledi:101-1277,,open,,,,Standard,CommercialUseNotPermitted,3DPrintingLimited,5586897,2015-09-08T23:19:29Z,,https://www.morphosource.org/concern/media/000006508,https://www.morphosource.org/downloads/000206120?file=thumbnail&t=1603144774,,,ark:/87602/m4/M6508,,,
000006509,,other,False,False,False,Manual Pp3 [Mesh] [Etc],manual PP3,Left,Mesh,LaserScan,Homo naledi,0000S2131,wits:dinaledi:101-1464,,open,,,,Standard,CommercialUseNotPermitted,3DPrintingLimited,1039688,2015-09-08T23:22:25Z,,https://www.morphosource.org/concern/media/000006509,https://www.morphosource.org/downloads/000206122?file=thumbnail&t=1603144775,,,ark:/87602/m4/M6509,,,
000006510,,other,False,False,False,Manual Pp1 [Mesh] [Etc],manual PP1,Right,Mesh,LaserScan,Homo naledi,0000S2132,wits:dinaledi:101-1721,,open,,,,Standard,CommercialUseNotPermitted,3DPrintingLimited,871251,2015-09-08T23:29:24Z,,https://www.morphosource.org/concern/media/000006510,https://www.morphosource.org/downloads/000206121?file=thumbnail&t=1603144775,,,ark:/87602/m4/M6510,,,
000006511,,other,False,False,False,Manual Dp3 [Mesh] [Etc],manual DP3,Right,Mesh,LaserScan,Homo naledi,0000S2133,wits:dinaledi:101-1722,,open,,,,Standard,CommercialUseNotPermitted,3DPrintingLimited,504839,2015-09-08T23:36:30Z,,https://www.morphosource.org/concern/media/000006511,https://www.morphosource.org/downloads/000206123?file=thumbnail&t=1603144776,,,ark:/87602/m4/M6511,,,
000006512,,other,False,False,False,Manual Dp4 [Mesh] [Etc],manual DP4,Right,Mesh,LaserScan,Homo naledi,0000S2134,wits:dinaledi:101-1723,,open,,,,Standard,CommercialUseNotPermitted,3DPrintingLimited,426894,2015-09-08T23:58:47Z,,https://www.morphosource.org/concern/media/000006512,https://www.morphosource.org/downloads/000206124?file=thumbnail&t=1603144777,,,ark:/87602/m4/M6512,,,
000006520,,other,False,False,False,Manual Dp5 [Mesh] [Etc],manual DP5,Right,Mesh,LaserScan,Homo naledi,0000S2139,wits:dinaledi:101-1724,,open,,,,Standard,CommercialUseNotPermitted,3DPrintingLimited,386958,2015-09-09T01:13:29Z,,https://www.morphosource.org/concern/media/000006520,https://www.morphosource.org/downloads/000206128?file=thumbnail&t=1603144787,,,ark:/87602/m4/M6520,,,
000006523,,other,False,False,False,Temporal (Dh5) [Mesh] [Etc],temporal (DH5),Left,Mesh,LaserScan,Homo naledi,0000S2141,wits:dinaledi:101-004,,open,,,,Standard,CommercialUseNotPermitted,3DPrintingLimited,6071961,2015-09-09T01:33:05Z,,https://www.morphosource.org/concern/media/000006523,https://www.morphosource.org/downloads/000206131?file=thumbnail&t=1603144789,,,ark:/87602/m4/M6523,,,
000006524,,other,False,False,False,Temporal [Mesh] [Etc],temporal,,Mesh,LaserScan,Homo naledi,0000S2142,wits:dinaledi:101-346,,open,,,,Standard,CommercialUseNotPermitted,3DPrintingLimited,6073641,2015-09-09T01:37:09Z,,https://www.morphosource.org/concern/media/000006524,https://www.morphosource.org/downloads/000206132?file=thumbnail&t=1603144789,,,ark:/87602/m4/M6524,,,
000006525,,other,False,False,False,Zygomatic [Mesh] [Etc],zygomatic,Right,Mesh,LaserScan,Homo naledi,0000S2144,wits:dinaledi:101-008,,open,,,,Standard,CommercialUseNotPermitted,3DPrintingLimited,2884600,2015-09-09T01:56:08Z,,https://www.morphosource.org/concern/media/000006525,https://www.morphosource.org/downloads/000206134?file=thumbnail&t=1603144790,,,ark:/87602/m4/M6525,,,
000006528,,other,False,False,False,Frontal Frgment [Mesh] [Etc],frontal frgment,,Mesh,LaserScan,Homo naledi,0000S2147,wits:dinaledi:101-874,,open,,,,Standard,CommercialUseNotPermitted,3DPrintingLimited,2880655,2015-09-09T02:13:25Z,,https://www.morphosource.org/concern/media/000006528,https://www.morphosource.org/downloads/000206136?file=thumbnail&t=1603144792,,,ark:/87602/m4/M6528,,,
000006529,,other,False,False,False,Mandibular Corpus M2 M3 [Mesh] [Etc],mandibular corpus M2-M3,Left,Mesh,LaserScan,Homo naledi,0000S2148,wits:dinaledi:101-361,,open,,,,Standard,CommercialUseNotPermitted,3DPrintingLimited,7719986,2015-09-09T02:20:09Z,,https://www.morphosource.org/concern/media/000006529,https://www.morphosource.org/downloads/000206139?file=thumbnail&t=1603144802,,,ark:/87602/m4/M6529,,,
000006530,,other,False,False,False,Manual Dp5 [Mesh] [Etc],manual DP5,Right,Mesh,LaserScan,Homo naledi,0000S2149,wits:dinaledi:101-1724,,open,,,,Standard,CommercialUseNotPermitted,3DPrintingLimited,386907,2015-09-09T02:26:21Z,,https://www.morphosource.org/concern/media/000006530,https://www.morphosource.org/downloads/000206137?file=thumbnail&t=1603144802,,,ark:/87602/m4/M6530,,,
000006532,,other,False,False,False,Manual Pp5 [Mesh] [Etc],manual PP5,Right,Mesh,LaserScan,Homo naledi,0000S2151,wits:dinaledi:101-1725,,open,,,,Standard,CommercialUseNotPermitted,3DPrintingLimited,884910,2015-09-09T02:30:21Z,,https://www.morphosource.org/concern/media/000006532,https://www.morphosource.org/downloads/000206138?file=thumbnail&t=1603144802,,,ark:/87602/m4/M6532,,,
000006533,,other,False,False,False,Scaphoid [Mesh] [Etc],scaphoid,Right,Mesh,LaserScan,Homo naledi,0000S2152,wits:dinaledi:101-1726,,open,,,,Standard,CommercialUseNotPermitted,3DPrintingLimited,465401,2015-09-09T02:34:00Z,,https://www.morphosource.org/concern/media/000006533,https://www.morphosource.org/downloads/000206141?file=thumbnail&t=1603144803,,,ark:/87602/m4/M6533,,,
000006534,,other,False,False,False,Temporal/Glenoid [Mesh] [Etc],temporal/glenoid,,Mesh,LaserScan,Homo naledi,0000S2153,wits:dinaledi:101-1387,,open,,,,Standard,CommercialUseNotPermitted,3DPrintingLimited,2008667,2015-09-09T02:34:21Z,,https://www.morphosource.org/concern/media/000006534,https://www.morphosource.org/downloads/000206142?file=thumbnail&t=1603144804,,,ark:/87602/m4/M6534,,,
000006535,,other,False,False,False,Triquetrum [Mesh] [Etc],triquetrum,Right,Mesh,LaserScan,Homo naledi,0000S2154,wits:dinaledi:101-1727,,open,,,,Standard,CommercialUseNotPermitted,3DPrintingLimited,400460,2015-09-09T02:38:24Z,,https://www.morphosource.org/concern/media/000006535,https://www.morphosource.org/downloads/000206143?file=thumbnail&t=1603144804,,,ark:/87602/m4/M6535,,,
000006536,,other,False,False,False,Trapezoid [Mesh] [Etc],trapezoid,Right,Mesh,LaserScan,Homo naledi,0000S2156,wits:dinaledi:101-1728,,open,,,,Standard,CommercialUseNotPermitted,3DPrintingLimited,352588,2015-09-09T02:42:48Z,,https://www.morphosource.org/concern/media/000006536,https://www.morphosource.org/downloads/000206144?file=thumbnail&t=1603144804,,,ark:/87602/m4/M6536,,,
000006537,,other,False,False,False,Hamate [Mesh] [Etc],hamate,Right,Mesh,LaserScan,Homo naledi,0000S2157,wits:dinaledi:101-1729,,open,,,,Standard,CommercialUseNotPermitted,3DPrintingLimited,527312,2015-09-09T02:46:14Z,,https://www.morphosource.org/concern/media/000006537,https://www.morphosource.org/downloads/000206145?file=thumbnail&t=1603144805,,,ark:/87602/m4/M6537,,,
000006538,,other,False,False,False,Capitate [Mesh] [Etc],capitate,Right,Mesh,LaserScan,Homo naledi,0000S2158,wits:dinaledi:101-1730,,open,,,,Standard,CommercialUseNotPermitted,3DPrintingLimited,1812544,2015-09-09T02:49:02Z,,https://www.morphosource.org/concern/media/000006538,https://www.morphosource.org/downloads/000206146?file=thumbnail&t=1603144806,,,ark:/87602/m4/M6538,,,
000006540,,other,False,False,False,Lunate [Mesh] [Etc],lunate,Right,Mesh,LaserScan,Homo naledi,0000S2160,wits:dinaledi:101-1732,,open,,,,Standard,CommercialUseNotPermitted,3DPrintingLimited,399847,2015-09-09T02:53:50Z,,https://www.morphosource.org/concern/media/000006540,https://www.morphosource.org/downloads/000206148?file=thumbnail&t=1603144807,,,ark:/87602/m4/M6540,,,
000006542,,other,False,False,False,Zygomatic [Mesh] [Etc],zygomatic,Right,Mesh,LaserScan,Homo naledi,0000S2161,wits:dinaledi:101-1354,,open,,,,Standard,CommercialUseNotPermitted,3DPrintingLimited,2051185,2015-09-09T03:12:18Z,,https://www.morphosource.org/concern/media/000006542,https://www.morphosource.org/downloads/000206152?file=thumbnail&t=1603144817,,,ark:/87602/m4/M6542,,,
000006553,,other,False,False,False,Ilium Fragment [Mesh] [Etc],Ilium fragment,Right,Mesh,LaserScan,Homo naledi,0000S2170,wits:dinaledi:101-986,,open,,,,Standard,CommercialUseNotPermitted,3DPrintingLimited,2167660,2015-09-09T13:01:34Z,,https://www.morphosource.org/concern/media/000006553,https://www.morphosource.org/downloads/000206162?file=thumbnail&t=1603144832,,,ark:/87602/m4/M6553,,,
000006554,,other,False,False,False,"U.W.101 1088   Right Ischium, Partial [Mesh] [Laser]","U.W.101-1088 - Right ischium, partial",Right,Mesh,LaserScan,Homo naledi,0000S2171,wits:dinaledi:101-1088,,open,,http://rightsstatements.org/vocab/InC-EDU/1.0/,The University of the Witwatersrand,Standard,CommercialUseNotPermitted,3DPrintingPermitted,2146470,2015-09-09T13:04:56Z,,https://www.morphosource.org/concern/media/000006554,https://www.morphosource.org/downloads/000206161?file=thumbnail&t=1646215930,,,ark:/87602/m4/M6554,,,
000006569,,other,False,False,False,Navicular [Mesh] [Laser],Navicular,Right,Mesh,LaserScan,Homo naledi,0000S2187,wits:dinaledi:101-1562,,open,,,,Standard,CommercialUseNotPermitted,3DPrintingLimited,3999079,2015-09-09T20:42:24Z,William Harcourt-Smith,https://www.morphosource.org/concern/media/000006569,https://www.morphosource.org/downloads/000206177?file=thumbnail&t=1696304937,,,ark:/87602/m4/M6569,,,
000014978,,other,False,False,False,Femoral Distal Epiphysis [Mesh] [Etc],Femoral distal epiphysis,Left,Mesh,LaserScan,Homo naledi,0000S4248,wits:dinaledi:101-1120,,open,,,,Standard,CommercialUseNotPermitted,3DPrintingLimited,4118844,2016-07-25T13:47:18Z,,https://www.morphosource.org/concern/media/000014978,https://www.morphosource.org/downloads/000213780?file=thumbnail&t=1603231895,,,ark:/87602/m4/M14978,,,
000014980,,other,False,False,False,Femoral Shaft [Mesh] [Etc],Femoral shaft,Left,Mesh,LaserScan,Homo naledi,0000S4250,wits:dinaledi:101-1482,,open,,,,Standard,CommercialUseNotPermitted,3DPrintingLimited,13277270,2016-07-25T14:08:44Z,,https://www.morphosource.org/concern/media/000014980,https://www.morphosource.org/downloads/000213783?file=thumbnail&t=1603231895,,,ark:/87602/m4/M14980,,,
000014997,,other,False,False,False,Tibial Shaft [Mesh] [Etc],Tibial shaft,Left,Mesh,LaserScan,Homo naledi,0000S4256,wits:dinaledi:101-973,,open,,,,Standard,CommercialUseNotPermitted,3DPrintingLimited,14125758,2016-07-25T15:17:35Z,,https://www.morphosource.org/concern/media/000014997,https://www.morphosource.org/downloads/000213792?file=thumbnail&t=1603231910,,,ark:/87602/m4/M14997,,,
000015012,,other,False,False,False,Distal Femoarl Shaft [Mesh] [Etc],Distal femoarl shaft,Right,Mesh,LaserScan,Homo naledi,0000S4261,wits:dinaledi:101-1523,,open,,,,Standard,CommercialUseNotPermitted,3DPrintingLimited,7834483,2016-07-25T16:03:07Z,,https://www.morphosource.org/concern/media/000015012,https://www.morphosource.org/downloads/000213810?file=thumbnail&t=1603231928,,,ark:/87602/m4/M15012,,,
000015015,,other,False,False,False,Femoral Neck [Mesh] [Etc],Femoral neck,,Mesh,LaserScan,Homo naledi,0000S4262,wits:dinaledi:101-1555,,open,,,,Standard,CommercialUseNotPermitted,3DPrintingLimited,32686284,2016-07-25T16:10:43Z,,https://www.morphosource.org/concern/media/000015015,https://www.morphosource.org/downloads/000213824?file=thumbnail&t=1603231952,,,ark:/87602/m4/M15015,,,
000026240,,other,False,False,False,T10 [Mesh] [Etc],T10,NotApplicable,Mesh,LaserScan,Homo naledi,0000S5836,wits:lesedi chamber:102a-036,,open,,,,Standard,CommercialUseNotPermitted,3DPrintingLimited,67386302,2017-05-08T19:38:41Z,,https://www.morphosource.org/concern/media/000026240,https://www.morphosource.org/downloads/000224112?file=thumbnail&t=1603248468,,,ark:/87602/m4/M26240,,,
000026241,,other,False,False,False,L5 [Mesh] [Etc],L5,NotApplicable,Mesh,LaserScan,Homo naledi,0000S5837,wits:lesedi chamber:102a-139,,open,,,,Standard,CommercialUseNotPermitted,3DPrintingLimited,98829219,2017-05-08T19:44:17Z,,https://www.morphosource.org/concern/media/000026241,https://www.morphosource.org/downloads/000224113?file=thumbnail&t=1603248468,,,ark:/87602/m4/M26241,,,
000026243,,other,False,False,False,Sternum [Mesh] [Etc],Sternum,NotApplicable,Mesh,LaserScan,Homo naledi,0000S5839,wits:lesedi chamber:102a-148,,open,,,,Standard,CommercialUseNotPermitted,3DPrintingLimited,9257169,2017-05-08T19:56:46Z,,https://www.morphosource.org/concern/media/000026243,https://www.morphosource.org/downloads/000224115?file=thumbnail&t=1603248469,,,ark:/87602/m4/M26243,,,
000026244,,other,False,False,False,T12 [Mesh] [Etc],T12,NotApplicable,Mesh,LaserScan,Homo naledi,0000S5840,wits:lesedi chamber:102a-154a,,open,,,,Standard,CommercialUseNotPermitted,3DPrintingLimited,10626653,2017-05-08T20:03:21Z,,https://www.morphosource.org/concern/media/000026244,https://www.morphosource.org/downloads/000224116?file=thumbnail&t=1603248469,,,ark:/87602/m4/M26244,,,
000026245,,other,False,False,False,L1 [Mesh] [Etc],L1,NotApplicable,Mesh,LaserScan,Homo naledi,0000S5841,wits:lesedi chamber:102a-154b,,open,,,,Standard,CommercialUseNotPermitted,3DPrintingLimited,2545437,2017-05-08T20:07:07Z,,https://www.morphosource.org/concern/media/000026245,https://www.morphosource.org/downloads/000224117?file=thumbnail&t=1603248472,,,ark:/87602/m4/M26245,,,
000026246,,other,False,False,False,Mc 4 [Mesh] [Etc],MC 4,Right,Mesh,LaserScan,Homo naledi,0000S5842,wits:lesedi chamber:102a-028,,open,,,,Standard,CommercialUseNotPermitted,3DPrintingLimited,4161900,2017-05-08T20:11:42Z,,https://www.morphosource.org/concern/media/000026246,https://www.morphosource.org/downloads/000224118?file=thumbnail&t=1603248475,,,ark:/87602/m4/M26246,,,
000026247,,other,False,False,False,T11 [Mesh] [Etc],T11,NotApplicable,Mesh,LaserScan,Homo naledi,0000S5843,wits:lesedi chamber:102a-151,,open,,,,Standard,CommercialUseNotPermitted,3DPrintingLimited,3956811,2017-05-08T20:16:16Z,,https://www.morphosource.org/concern/media/000026247,https://www.morphosource.org/downloads/000224119?file=thumbnail&t=1603248480,,,ark:/87602/m4/M26247,,,
000026249,,other,False,False,False,L4 [Mesh] [Etc],L4,NotApplicable,Mesh,LaserScan,Homo naledi,0000S5845,wits:lesedi chamber:102a-306,,open,,,,Standard,CommercialUseNotPermitted,3DPrintingLimited,8777212,2017-05-08T21:59:58Z,,https://www.morphosource.org/concern/media/000026249,https://www.morphosource.org/downloads/000224121?file=thumbnail&t=1603248482,,,ark:/87602/m4/M26249,,,
000026250,,other,False,False,False,L2 [Mesh] [Etc],L2,NotApplicable,Mesh,LaserScan,Homo naledi,0000S5846,wits:lesedi chamber:102a-322,,open,,,,Standard,CommercialUseNotPermitted,3DPrintingLimited,3124794,2017-05-08T22:04:18Z,,https://www.morphosource.org/concern/media/000026250,https://www.morphosource.org/downloads/000224122?file=thumbnail&t=1603248482,,,ark:/87602/m4/M26250,,,
000026252,,other,False,False,False,Scaphoid [Mesh] [Etc],Scaphoid,Right,Mesh,LaserScan,Homo naledi,0000S5848,wits:lesedi chamber:102a-117,,open,,,,Standard,CommercialUseNotPermitted,3DPrintingLimited,129451937,2017-05-08T22:14:24Z,,https://www.morphosource.org/concern/media/000026252,https://www.morphosource.org/downloads/000224124?file=thumbnail&t=1603248484,,,ark:/87602/m4/M26252,,,
000026253,,other,False,False,False,Capitate [Mesh] [Etc],Capitate,Right,Mesh,LaserScan,Homo naledi,0000S5849,wits:lesedi chamber:102a-476,,open,,,,Standard,CommercialUseNotPermitted,3DPrintingLimited,199278338,2017-05-08T22:19:36Z,,https://www.morphosource.org/concern/media/000026253,https://www.morphosource.org/downloads/000224125?file=thumbnail&t=1603248484,,,ark:/87602/m4/M26253,,,
000048482,,other,False,False,False,Dh1 Occipital Closed [Mesh] [Etc],DH1 Occipital Closed,,Mesh,LaserScan,Homo naledi,000S12154,wits:dinaledi:DH1_Endocast,,open,,,,Standard,CommercialUseNotPermitted,3DPrintingLimited,26524231,2018-05-14T14:51:17Z,,https://www.morphosource.org/concern/media/000048482,https://www.morphosource.org/downloads/000242692?file=thumbnail&t=1603763647,,,ark:/87602/m4/M48482,,,
000084477,,other,False,False,False,Wits   Lesedi Chamber   U.W. 102a 254 (Zygomatic Fragment) [Mesh] [Etc],WITS - Lesedi Chamber - U.W. 102a-254 (Zygomatic fragment),,Mesh,LaserScan,Homo naledi,000S24998,wits:lesedi chamber:102a-254,,open,,,,Standard,CommercialUseNotPermitted,3DPrintingLimited,6108468,2019-08-08T14:45:00Z,,https://www.morphosource.org/concern/media/000084477,https://www.morphosource.org/downloads/000274877?file=thumbnail&t=1604098566,,,ark:/87602/m4/M84477,,,
000100682,,other,False,False,False,U.W.101 1271   Unsided Metacarpals And Manual Phalanxes [Mesh] [Laser],U.W.101-1271 - Unsided metacarpals and manual phalanxes,Unknown,Mesh,LaserScan,Homo naledi,000S28352,wits:dinaledi:101-1271,,open,,http://rightsstatements.org/vocab/InC-EDU/1.0/,The University of the Witwatersrand,Standard,CommercialUseNotPermitted,3DPrintingPermitted,53061781,2020-02-10T14:53:04Z,,https://www.morphosource.org/concern/media/000100682,https://www.morphosource.org/downloads/000289299?file=thumbnail&t=1646216537,,,ark:/87602/m4/M100682,,,
000100683,,other,False,False,False,U.W.101 1536   Unsided Metacarpals And Manual Phalanxes [Mesh] [Laser],U.W.101-1536 - Unsided metacarpals and manual phalanxes,Unknown,Mesh,LaserScan,Homo naledi,000S28353,wits:dinaledi:101-1536,,open,,http://rightsstatements.org/vocab/InC-EDU/1.0/,The University of the Witwatersrand,Standard,CommercialUseNotPermitted,3DPrintingPermitted,62153325,2020-02-10T15:00:27Z,,https://www.morphosource.org/concern/media/000100683,https://www.morphosource.org/downloads/000289300?file=thumbnail&t=1646216672,,,ark:/87602/m4/M100683,,,
000100684,,other,False,False,False,U.W.101 1633   Unsided Metacarpals And Manual Phalanxes [Mesh] [Laser],U.W.101-1633 - Unsided metacarpals and manual phalanxes,Unknown,Mesh,LaserScan,Homo naledi,000S28354,wits:dinaledi:101-1633,,open,,http://rightsstatements.org/vocab/InC-EDU/1.0/,The University of the Witwatersrand,Standard,CommercialUseNotPermitted,3DPrintingPermitted,27268592,2020-02-10T15:04:57Z,,https://www.morphosource.org/concern/media/000100684,https://www.morphosource.org/downloads/000289301?file=thumbnail&t=1646216822,,,ark:/87602/m4/M100684,,,
000100685,,other,False,False,False,U.W.101 1635   Unsided Metacarpals And Manual Phalanxes [Mesh] [Laser],U.W.101-1635 - Unsided metacarpals and manual phalanxes,Unknown,Mesh,LaserScan,Homo naledi,000S28355,wits:dinaledi:101-1635,,open,,http://rightsstatements.org/vocab/InC-EDU/1.0/,The University of the Witwatersrand,Standard,CommercialUseNotPermitted,3DPrintingPermitted,48807256,2020-02-10T15:11:41Z,,https://www.morphosource.org/concern/media/000100685,https://www.morphosource.org/downloads/000289302?file=thumbnail&t=1646217268,,,ark:/87602/m4/M100685,,,
000100686,,other,False,False,False,U.W.101 1664   Unsided Metacarpals And Manual Phalanxes [Mesh] [Laser],U.W.101-1664 - Unsided metacarpals and manual phalanxes,Unknown,Mesh,LaserScan,Homo naledi,000S28356,wits:dinaledi:101-1664,,open,,http://rightsstatements.org/vocab/InC-EDU/1.0/,The University of the Witwatersrand,Standard,CommercialUseNotPermitted,3DPrintingPermitted,4142791,2020-02-10T15:14:33Z,,https://www.morphosource.org/concern/media/000100686,https://www.morphosource.org/downloads/000289304?file=thumbnail&t=1646217487,,,ark:/87602/m4/M100686,,,
000100687,,other,False,False,False,U.W.101 1636   Unsided Metacarpals And Manual Phalanxes [Mesh] [Laser],U.W.101-1636 - Unsided metacarpals and manual phalanxes,Unknown,Mesh,LaserScan,Homo naledi,000S28357,wits:dinaledi:101-1636,,open,,http://rightsstatements.org/vocab/InC-EDU/1.0/,The University of the Witwatersrand,Standard,CommercialUseNotPermitted,3DPrintingPermitted,29126280,2020-02-10T15:20:11Z,,https://www.morphosource.org/concern/media/000100687,https://www.morphosource.org/downloads/000289303?file=thumbnail&t=1646217385,,,ark:/87602/m4/M100687,,,
000394515,,other,False,False,False,Letimela   Reconstruction By Prof Lee Berger [Mesh] [Laser],Letimela - Reconstruction by Prof Lee Berger,,Mesh,LaserScan,Homo naledi,000394512,U.W.110,,open,,http://rightsstatements.org/vocab/InC-EDU/1.0/,The University of the Witwatersrand,Standard,CommercialUseNotPermitted,3DPrintingPermitted,506192698,2021-11-05T07:05:19Z,Sonia Sequeira,https://www.morphosource.org/concern/media/000394515,https://www.morphosource.org/downloads/000394515?file=thumbnail&t=1636136918,https://doi.org/10.48738/2021.iss1.64,,ark:/87602/m4/394515,,,
000394520,,other,False,False,False,U.W.110 1 [Mesh] [Laser],U.W.110-1,Right,Mesh,LaserScan,Homo naledi,000394517,U.W.110-1,,open,,http://rightsstatements.org/vocab/InC-EDU/1.0/,The University of the Witwatersrand,Standard,CommercialUseNotPermitted,3DPrintingPermitted,158059381,2021-11-05T07:33:26Z,"Sequeira, Sonia",https://www.morphosource.org/concern/media/000394520,https://www.morphosource.org/downloads/000394520?file=thumbnail&t=1636136325,https://doi.org/10.48738/2021.iss1.64,,ark:/87602/m4/394520,,,
000394525,,other,False,False,False,U.W.110 2 [Mesh] [Laser],U.W.110-2,Right,Mesh,LaserScan,Homo naledi,000394522,U.W.110-2,,open,,http://rightsstatements.org/vocab/InC-EDU/1.0/,The University of the Witwatersrand,Standard,CommercialUseNotPermitted,3DPrintingPermitted,579474898,2021-11-05T07:48:52Z,"Sequeira, Sonia",https://www.morphosource.org/concern/media/000394525,https://www.morphosource.org/downloads/000394525?file=thumbnail&t=1636136169,https://doi.org/10.48738/2021.iss1.64,,ark:/87602/m4/394525,,,
000394530,,other,False,False,False,U.W.110 5 [Mesh] [Laser],U.W.110-5,Right,Mesh,LaserScan,Homo naledi,000394527,na:U.W.110-5,,open,,http://rightsstatements.org/vocab/InC-EDU/1.0/,The University of the Witwatersrand,Standard,CommercialUseNotPermitted,3DPrintingPermitted,56984458,2021-11-05T08:05:19Z,"Sequeira, Sonia",https://www.morphosource.org/concern/media/000394530,https://www.morphosource.org/downloads/000394530?file=thumbnail&t=1636135988,https://doi.org/10.48738/2021.iss1.64,,ark:/87602/m4/394530,,,
000394539,,other,False,False,False,U.W.110 14 [Mesh] [Laser],U.W.110-14,Right,Mesh,LaserScan,Homo naledi,000394536,na:U.W.110-14,,open,,http://rightsstatements.org/vocab/InC-EDU/1.0/,The University of the Witwatersrand,Standard,CommercialUseNotPermitted,3DPrintingPermitted,27432774,2021-11-05T08:50:06Z,"Sequeira, Sonia",https://www.morphosource.org/concern/media/000394539,https://www.morphosource.org/downloads/000394539?file=thumbnail&t=1636135893,https://doi.org/10.48738/2021.iss1.64,,ark:/87602/m4/394539,,,
000394552,,other,False,False,False,U.W.110 15 [Mesh] [Laser],U.W.110-15,Left,Mesh,LaserScan,Homo naledi,000394549,na:U.W.110-15,,open,,http://rightsstatements.org/vocab/InC-EDU/1.0/,The University of the Witwatersrand,Standard,CommercialUseNotPermitted,3DPrintingPermitted,15522622,2021-11-05T09:10:22Z,"Sequeira, Sonia",https://www.morphosource.org/concern/media/000394552,https://www.morphosource.org/downloads/000394552?file=thumbnail&t=1636135801,https://doi.org/10.48738/2021.iss1.64,,ark:/87602/m4/394552,,,
000394561,,other,False,False,False,U.W.110 17 [Mesh] [Laser],U.W.110-17,Left,Mesh,LaserScan,Homo naledi,000394558,na:U.W.110-17,,open,,http://rightsstatements.org/vocab/InC-EDU/1.0/,The University of the Witwatersrand,Standard,CommercialUseNotPermitted,3DPrintingPermitted,26047823,2021-11-05T09:22:04Z,"Sequeira, Sonia",https://www.morphosource.org/concern/media/000394561,https://www.morphosource.org/downloads/000394561?file=thumbnail&t=1636135721,https://doi.org/10.48738/2021.iss1.64,,ark:/87602/m4/394561,,,
000394570,,other,False,False,False,U.W.110 3 [Mesh] [Laser],U.W.110-3,Left,Mesh,LaserScan,Homo naledi,000394567,na:U.W.110-3,,open,,http://rightsstatements.org/vocab/InC-EDU/1.0/,The University of the Witwatersrand,Standard,CommercialUseNotPermitted,3DPrintingPermitted,9796937,2021-11-05T09:38:12Z,"Hawks, John",https://www.morphosource.org/concern/media/000394570,https://www.morphosource.org/downloads/000394570?file=thumbnail&t=1636135650,https://doi.org/10.48738/2021.iss1.64,,ark:/87602/m4/394570,,,
000394579,,other,False,False,False,U.W.110 4 [Mesh] [Laser],U.W.110-4,,Mesh,LaserScan,Homo naledi,000394576,na:U.W.110-4,,open,,http://rightsstatements.org/vocab/InC-EDU/1.0/,The University of the Witwatersrand,Standard,CommercialUseNotPermitted,3DPrintingPermitted,31531233,2021-11-05T09:48:10Z,"Sequeira, Sonia",https://www.morphosource.org/concern/media/000394579,https://www.morphosource.org/downloads/000394579?file=thumbnail&t=1636135527,https://doi.org/10.48738/2021.iss1.64,,ark:/87602/m4/394579,,,
000394592,,other,False,False,False,U.W.110 8 [Mesh] [Laser],U.W.110-8,,Mesh,LaserScan,Homo naledi,000394589,na:U.W.110-8,,open,,http://rightsstatements.org/vocab/InC-EDU/1.0/,The University of the Witwatersrand,Standard,CommercialUseNotPermitted,3DPrintingPermitted,71128499,2021-11-05T10:03:16Z,"Sequeira, Sonia",https://www.morphosource.org/concern/media/000394592,https://www.morphosource.org/downloads/000394592?file=thumbnail&t=1636135397,https://doi.org/10.48738/2021.iss1.64,,ark:/87602/m4/394592,,,
000394617,,other,False,False,False,U.W.110 9 [Mesh] [Laser],U.W.110-9,,Mesh,LaserScan,Homo naledi,000394614,U.W.110-9,,open,,http://rightsstatements.org/vocab/InC-EDU/1.0/,The University of the Witwatersrand,Standard,CommercialUseNotPermitted,3DPrintingPermitted,35291517,2021-11-05T11:07:29Z,"Sequeira, Sonia",https://www.morphosource.org/concern/media/000394617,https://www.morphosource.org/downloads/000394617?file=thumbnail&t=1636135310,https://doi.org/10.48738/2021.iss1.64,,ark:/87602/m4/394617,,,
000394630,,other,False,False,False,U.W.110 10 [Mesh] [Laser],U.W.110-10,,Mesh,LaserScan,Homo naledi,000394627,U.W.110-10,,open,,http://rightsstatements.org/vocab/InC-EDU/1.0/,The University of the Witwatersrand,Standard,CommercialUseNotPermitted,3DPrintingPermitted,59368697,2021-11-05T11:28:39Z,"Sequeira, Sonia",https://www.morphosource.org/concern/media/000394630,https://www.morphosource.org/downloads/000394630?file=thumbnail&t=1636135204,https://doi.org/10.48738/2021.iss1.64,,ark:/87602/m4/394630,,,
000394643,,other,False,False,False,U.W.110 11 [Mesh] [Laser],U.W.110-11,,Mesh,LaserScan,Homo naledi,000394640,U.W.110-11,,open,,http://rightsstatements.org/vocab/InC-EDU/1.0/,The University of the Witwatersrand,Standard,CommercialUseNotPermitted,3DPrintingPermitted,29389623,2021-11-05T11:53:39Z,"Sequeira, Sonia",https://www.morphosource.org/concern/media/000394643,https://www.morphosource.org/downloads/000394643?file=thumbnail&t=1636357841,https://doi.org/10.48738/2021.iss1.64,,ark:/87602/m4/394643,,,
000613498,,other,False,False,False,Calcaneus [Mesh] [StrLight],Calcaneus,,Mesh,StructuredLight,Homo naledi,0000S2184,wits:dinaledi:101-1322,,open,,,,Standard,CommercialUseNotPermitted,3DPrintingLimited,40973478,2024-03-20T01:08:53Z,Amanda Rossillo,https://www.morphosource.org/concern/media/000613498,https://www.morphosource.org/downloads/000613499?file=thumbnail&t=1711321816,,,ark:/87602/m4/613498,,,
000613503,,other,False,False,False,Calcaneus [Mesh] [StrLight],Calcaneus,,Mesh,StructuredLight,Homo naledi,000613500,wits:dinaledi:101-907,,open,,,,Standard,CommercialUseNotPermitted,3DPrintingLimited,23826868,2024-03-20T01:26:01Z,Amanda Rossillo,https://www.morphosource.org/concern/media/000613503,https://www.morphosource.org/downloads/000613504?file=thumbnail&t=1711321790,,,ark:/87602/m4/613503,,,
000614372,,other,False,False,False,Navicular [Mesh] [StrLight],Navicular,,Mesh,StructuredLight,Homo naledi,000614369,wits:dinaledi:U.W.101-623,,open,,,,Standard,CommercialUseNotPermitted,3DPrintingLimited,5200441,2024-03-24T15:39:43Z,Amanda Rossillo,https://www.morphosource.org/concern/media/000614372,https://www.morphosource.org/downloads/000614373?file=thumbnail&t=1711319952,,,ark:/87602/m4/614372,,,
000614377,,other,False,False,False,Navicular [Mesh] [StrLight],Navicular,,Mesh,StructuredLight,Homo naledi,000614374,wits:dinaledi:U.W.101-811,,open,,,,Standard,CommercialUseNotPermitted,3DPrintingLimited,4438969,2024-03-24T15:44:06Z,Amanda Rossillo,https://www.morphosource.org/concern/media/000614377,https://www.morphosource.org/downloads/000614378?file=thumbnail&t=1711319929,,,ark:/87602/m4/614377,,,
000614382,,other,False,False,False,Navicular [Mesh] [StrLight],Navicular,,Mesh,StructuredLight,Homo naledi,000614379,wits:dinaledi:U.W.101-910b,,open,,,,Standard,CommercialUseNotPermitted,3DPrintingLimited,5292952,2024-03-24T15:51:28Z,Amanda Rossillo,https://www.morphosource.org/concern/media/000614382,https://www.morphosource.org/downloads/000614383?file=thumbnail&t=1711319876,,,ark:/87602/m4/614382,,,
000614387,,other,False,False,False,Navicular [Mesh] [StrLight],Navicular,,Mesh,StructuredLight,Homo naledi,000614384,wits:dinaledi:U.W.101-997,,open,,,,Standard,CommercialUseNotPermitted,3DPrintingLimited,4297182,2024-03-24T15:55:53Z,Amanda Rossillo,https://www.morphosource.org/concern/media/000614387,https://www.morphosource.org/downloads/000614388?file=thumbnail&t=1711319843,,,ark:/87602/m4/614387,,,
000614392,,other,False,False,False,Navicular [Mesh] [StrLight],Navicular,,Mesh,StructuredLight,Homo naledi,000614389,wits:dinaledi:U.W.101-1030,,open,,,,Standard,CommercialUseNotPermitted,3DPrintingLimited,6751270,2024-03-24T16:00:03Z,Amanda Rossillo,https://www.morphosource.org/concern/media/000614392,https://www.morphosource.org/downloads/000614393?file=thumbnail&t=1711319777,,,ark:/87602/m4/614392,,,
000614396,,other,False,False,False,Navicular [Mesh] [StrLight],Navicular,,Mesh,StructuredLight,Homo naledi,0000S2187,wits:dinaledi:101-1562,,open,,,,Standard,CommercialUseNotPermitted,3DPrintingLimited,6408450,2024-03-24T16:03:35Z,Amanda Rossillo,https://www.morphosource.org/concern/media/000614396,https://www.morphosource.org/downloads/000614397?file=thumbnail&t=1711319749,,,ark:/87602/m4/614396,,,
000614400,,other,False,False,False,Talus [Mesh] [StrLight],Talus,,Mesh,StructuredLight,Homo naledi,0000S2188,wits:dinaledi:101-148/149,,open,,,,Standard,CommercialUseNotPermitted,3DPrintingLimited,29852234,2024-03-24T16:06:44Z,Amanda Rossillo,https://www.morphosource.org/concern/media/000614400,https://www.morphosource.org/downloads/000614401?file=thumbnail&t=1711319689,,,ark:/87602/m4/614400,,,
000614405,,other,False,False,False,Talus [Mesh] [StrLight],Talus,,Mesh,StructuredLight,Homo naledi,000614402,wits:dinaledi:U.W.101-520,,open,,,,Standard,CommercialUseNotPermitted,3DPrintingLimited,24126525,2024-03-24T16:10:24Z,Amanda Rossillo,https://www.morphosource.org/concern/media/000614405,https://www.morphosource.org/downloads/000614406?file=thumbnail&t=1711319650,,,ark:/87602/m4/614405,,,
000614409,,other,False,False,False,Talus [Mesh] [StrLight],Talus,,Mesh,StructuredLight,Homo naledi,0000S2189,wits:dinaledi:101-1417,,open,,,,Standard,CommercialUseNotPermitted,3DPrintingLimited,17596669,2024-03-24T16:12:46Z,Amanda Rossillo,https://www.morphosource.org/concern/media/000614409,https://www.morphosource.org/downloads/000614410?file=thumbnail&t=1711319537,,,ark:/87602/m4/614409,,,
000705012,,other,False,False,False,U.W.101 907 Calcaneus Juvenile   Dinaledi.Stl [Mesh] [Laser],U.W.101-907 Calcaneus Juvenile - Dinaledi.stl,,Mesh,LaserScan,Homo naledi,000705009,UW,,open,,,,Standard,CommercialUseNotPermitted,3DPrintingLimited,7541783,2025-01-29T09:22:00Z,,https://www.morphosource.org/concern/media/000705012,https://www.morphosource.org/downloads/000705012?file=thumbnail&t=1738142520,,,ark:/87602/m4/705012,,,
000705040,,other,False,False,False,U.W.101 215 Posterior Condyles   Dinaledi [Mesh] [Laser],U.W.101-215 Posterior Condyles - Dinaledi,,Mesh,LaserScan,Homo naledi,000705037,UW,,open,,,,Standard,CommercialUseNotPermitted,3DPrintingLimited,11834811,2025-01-29T10:19:31Z,,https://www.morphosource.org/concern/media/000705040,https://www.morphosource.org/downloads/000705040?file=thumbnail&t=1738145971,,,ark:/87602/m4/705040,,,
000006572,clavicle,target_bone,True,False,False,Clavicle [Mesh] [Etc],Clavicle,Right,Mesh,LaserScan,Homo naledi,0000S2191,wits:dinaledi:101-1229,,open,,,,Standard,CommercialUseNotPermitted,3DPrintingLimited,3673140,2015-09-10T03:36:46Z,,https://www.morphosource.org/concern/media/000006572,https://www.morphosource.org/downloads/000206180?file=thumbnail&t=1603144850,,,ark:/87602/m4/M6572,,,
000006574,clavicle,target_bone,True,False,False,Clavicle [Mesh] [Etc],Clavicle,Right,Mesh,LaserScan,Homo naledi,0000S2193,wits:dinaledi:101-258,,open,,,,Standard,CommercialUseNotPermitted,3DPrintingLimited,2013050,2015-09-10T03:44:57Z,,https://www.morphosource.org/concern/media/000006574,https://www.morphosource.org/downloads/000206182?file=thumbnail&t=1603144852,,,ark:/87602/m4/M6574,,,
000006575,clavicle,target_bone,True,False,False,Clavicle [Mesh] [Etc],Clavicle,Left,Mesh,LaserScan,Homo naledi,0000S2194,wits:dinaledi:101-1347,,open,,,,Standard,CommercialUseNotPermitted,3DPrintingLimited,2063389,2015-09-10T03:48:07Z,,https://www.morphosource.org/concern/media/000006575,https://www.morphosource.org/downloads/000206183?file=thumbnail&t=1603144852,,,ark:/87602/m4/M6575,,,
000026238,clavicle,target_bone,True,False,True,Clavicle [Mesh] [Etc],Clavicle,Right,Mesh,LaserScan,Homo naledi,0000S5834,wits:lesedi chamber:102a-021,,open,,,,Standard,CommercialUseNotPermitted,3DPrintingLimited,14285140,2017-05-08T19:29:35Z,,https://www.morphosource.org/concern/media/000026238,https://www.morphosource.org/downloads/000224110?file=thumbnail&t=1603248466,,,ark:/87602/m4/M26238,done,data/meshes/homo_naledi/clavicle/000026238,2026-07-22T12:54:16.658673+00:00
000006513,cranium,target_bone,True,True,False,Dh2 Calvaria [Mesh] [Etc],DH2 calvaria,,Mesh,LaserScan,Homo naledi,0000S2135,wits:dinaledi:101-419,,open,,,,Standard,CommercialUseNotPermitted,3DPrintingLimited,29809901,2015-09-09T00:23:18Z,,https://www.morphosource.org/concern/media/000006513,https://www.morphosource.org/downloads/000206125?file=thumbnail&t=1603144787,,,ark:/87602/m4/M6513,,,
000006514,cranium,target_bone,True,True,False,Calvaria [Mesh] [Etc],calvaria,,Mesh,LaserScan,Homo naledi,0000S2136,wits:dinaledi:101-396,,open,,,,Standard,CommercialUseNotPermitted,3DPrintingLimited,26470587,2015-09-09T00:30:06Z,,https://www.morphosource.org/concern/media/000006514,https://www.morphosource.org/downloads/000206126?file=thumbnail&t=1603144787,,,ark:/87602/m4/M6514,,,
000006518,cranium,target_bone,True,True,False,Calvaria/Occipital (Dh1) [Mesh] [Etc],calvaria/occipital (DH1),,Mesh,LaserScan,Homo naledi,0000S2138,wits:dinaledi:101-1473,,open,,,,Standard,CommercialUseNotPermitted,3DPrintingLimited,15711768,2015-09-09T01:00:05Z,,https://www.morphosource.org/concern/media/000006518,https://www.morphosource.org/downloads/000206127?file=thumbnail&t=1603144787,,,ark:/87602/m4/M6518,,,
000006519,cranium,target_bone,True,True,False,Calvaria [Mesh] [Etc],calvaria,,Mesh,LaserScan,Homo naledi,0000S2138,wits:dinaledi:101-1473,,open,,,,Standard,CommercialUseNotPermitted,3DPrintingLimited,19462805,2015-09-09T01:11:15Z,,https://www.morphosource.org/concern/media/000006519,https://www.morphosource.org/downloads/000206129?file=thumbnail&t=1603144787,,,ark:/87602/m4/M6519,,,
000006521,cranium,target_bone,True,True,False,Calvaria (Dh1) Reconstructed [Mesh] [Etc],calvaria (DH1) reconstructed,,Mesh,LaserScan,Homo naledi,0000S2138,wits:dinaledi:101-1473,,open,,,,Standard,CommercialUseNotPermitted,3DPrintingLimited,34598520,2015-09-09T01:24:57Z,,https://www.morphosource.org/concern/media/000006521,https://www.morphosource.org/downloads/000206130?file=thumbnail&t=1603219817,,,ark:/87602/m4/M6521,,,
000006522,cranium,target_bone,True,True,False,Calvaria (Dh4) [Mesh] [Etc],calvaria (DH4),,Mesh,LaserScan,Homo naledi,0000S2140,wits:dinaledi:101-1236,,open,,,,Standard,CommercialUseNotPermitted,3DPrintingLimited,15180052,2015-09-09T01:29:15Z,,https://www.morphosource.org/concern/media/000006522,https://www.morphosource.org/downloads/000206133?file=thumbnail&t=1603144788,,,ark:/87602/m4/M6522,,,
000006545,cranium,target_bone,True,True,False,Stl Of Calvaria [Mesh] [Etc],STL of calvaria,,Mesh,LaserScan,Homo naledi,0000S2135,wits:dinaledi:101-419,,open,,,,Standard,CommercialUseNotPermitted,3DPrintingLimited,322515346,2015-09-09T03:59:20Z,,https://www.morphosource.org/concern/media/000006545,https://www.morphosource.org/downloads/000206153?file=thumbnail&t=1603144818,,,ark:/87602/m4/M6545,,,
000008170,cranium,target_bone,True,False,False,Skull And Mandible [Mesh] [Etc],Skull and mandible,,Mesh,LaserScan,Homo naledi,0000S2422,wits:dinaledi:Reconstruction-1,,open,,,,Standard,CommercialUseNotPermitted,3DPrintingLimited,318235491,2015-12-14T04:48:22Z,,https://www.morphosource.org/concern/media/000008170,https://www.morphosource.org/downloads/000207664?file=thumbnail&t=1603146673,,,ark:/87602/m4/M8170,,,
000048481,cranium,target_bone,True,True,False,Dh1 Calotte & Occipital [Mesh] [Etc],DH1 Calotte & Occipital,,Mesh,LaserScan,Homo naledi,000S12154,wits:dinaledi:DH1_Endocast,,open,,,,Standard,CommercialUseNotPermitted,3DPrintingLimited,29252819,2018-05-14T14:49:35Z,,https://www.morphosource.org/concern/media/000048481,https://www.morphosource.org/downloads/000242690?file=thumbnail&t=1603763644,,,ark:/87602/m4/M48481,,,
000054666,cranium,target_bone,True,True,False,Les1   Homo Naledi 'Neo'   Reconstruction Of Cranium [Mesh] [Laser],LES1 - Homo naledi 'Neo' - Reconstruction of cranium,,Mesh,LaserScan,Homo naledi,000S14812,wits:LES1,,open,,http://rightsstatements.org/vocab/InC-EDU/1.0/,The University of the Witwatersrand,Standard,CommercialUseNotPermitted,3DPrintingPermitted,199266152,2018-07-19T11:19:32Z,,https://www.morphosource.org/concern/media/000054666,https://www.morphosource.org/downloads/000248349?file=thumbnail&t=1636356078,https://doi.org/10.1016/j.jhevol.2019.03.019,,ark:/87602/m4/M54666,,,
000006433,femur,target_bone,True,False,False,Femur Proximal [Mesh] [Etc],Femur proximal,Right,Mesh,LaserScan,Homo naledi,0000S2086,wits:dinaledi:101-002,,open,,,,Standard,CommercialUseNotPermitted,3DPrintingLimited,81649592,2015-08-21T22:06:28Z,,https://www.morphosource.org/concern/media/000006433,https://www.morphosource.org/downloads/000206066?file=thumbnail&t=1603144712,,,ark:/87602/m4/M6433,,,
000006434,femur,target_bone,True,True,False,U.W. 101 002 Right Proximal Femur Composite Photo [Image] [Photo],U.W. 101-002 right proximal femur composite photo,,Image,Photography,Homo naledi,0000S2086,wits:dinaledi:101-002,,open,,,,Standard,CommercialUseNotPermitted,3DPrintingLimited,89165,2015-08-21T23:43:41Z,,https://www.morphosource.org/concern/media/000006434,https://www.morphosource.org/downloads/000206067?file=thumbnail&t=1738147584,,,ark:/87602/m4/M6434,,,
000006476,femur,target_bone,True,True,False,Proximal Femur [Mesh] [Etc],Proximal femur,Right,Mesh,LaserScan,Homo naledi,0000S2105,wits:dinaledi:101-018,,open,,,,Standard,CommercialUseNotPermitted,3DPrintingLimited,3350671,2015-09-05T10:22:13Z,,https://www.morphosource.org/concern/media/000006476,https://www.morphosource.org/downloads/000206092?file=thumbnail&t=1603144742,,,ark:/87602/m4/M6476,,,
000006477,femur,target_bone,True,True,False,Proximal Femur [Image] [Etc],Proximal femur,Right,Image,Photography,Homo naledi,0000S2105,wits:dinaledi:101-018,,open,,,,Standard,CommercialUseNotPermitted,3DPrintingLimited,7926777,2015-09-05T11:09:54Z,,https://www.morphosource.org/concern/media/000006477,https://www.morphosource.org/downloads/000206091?file=thumbnail&t=1603144742,,,ark:/87602/m4/M6477,,,
000006478,femur,target_bone,True,True,False,Proximal Femur [Image] [Etc],Proximal femur,Left,Image,Photography,Homo naledi,0000S2104,wits:dinaledi:101-398,,open,,,,Standard,CommercialUseNotPermitted,3DPrintingLimited,1128332,2015-09-05T11:12:44Z,,https://www.morphosource.org/concern/media/000006478,https://www.morphosource.org/downloads/000206094?file=thumbnail&t=1603144742,,,ark:/87602/m4/M6478,,,
000006480,femur,target_bone,True,True,False,Proximal Femur [Image] [Etc],Proximal femur,Right,Image,Photography,Homo naledi,0000S2106,wits:dinaledi:101-1391,,open,,,,Standard,CommercialUseNotPermitted,3DPrintingLimited,1393085,2015-09-05T11:21:59Z,,https://www.morphosource.org/concern/media/000006480,https://www.morphosource.org/downloads/000206093?file=thumbnail&t=1603144742,,,ark:/87602/m4/M6480,,,
000006482,femur,target_bone,True,True,False,Proximal Femur [Image] [Etc],Proximal femur,Left,Image,Photography,Homo naledi,0000S2107,wits:dinaledi:101-1475,,open,,,,Standard,CommercialUseNotPermitted,3DPrintingLimited,214893,2015-09-05T11:34:52Z,,https://www.morphosource.org/concern/media/000006482,https://www.morphosource.org/downloads/000206095?file=thumbnail&t=1603144743,,,ark:/87602/m4/M6482,,,
000006544,femur,target_bone,True,False,False,Juvenile Femur [Mesh] [Etc],juvenile femur,Right,Mesh,LaserScan,Homo naledi,0000S2163,wits:dinaledi:101-938,,open,,,,Standard,CommercialUseNotPermitted,3DPrintingLimited,2199260,2015-09-09T03:17:31Z,,https://www.morphosource.org/concern/media/000006544,https://www.morphosource.org/downloads/000206151?file=thumbnail&t=1603144818,,,ark:/87602/m4/M6544,,,
000008167,femur,target_bone,True,True,False,Proximal Femur [Mesh] [Etc],Proximal Femur,Right,Mesh,LaserScan,Homo naledi,0000S2106,wits:dinaledi:101-1391,,open,,,,Standard,CommercialUseNotPermitted,3DPrintingLimited,1952444,2015-12-12T12:32:26Z,,https://www.morphosource.org/concern/media/000008167,https://www.morphosource.org/downloads/000207665?file=thumbnail&t=1603146678,,,ark:/87602/m4/M8167,,,
000008168,femur,target_bone,True,True,False,Proximal Femur [Mesh] [Etc],Proximal femur,Left,Mesh,LaserScan,Homo naledi,0000S2107,wits:dinaledi:101-1475,,open,,,,Standard,CommercialUseNotPermitted,3DPrintingLimited,38089226,2015-12-12T12:37:40Z,,https://www.morphosource.org/concern/media/000008168,https://www.morphosource.org/downloads/000207666?file=thumbnail&t=1603146679,,,ark:/87602/m4/M8168,,,
000008169,femur,target_bone,True,True,False,Proximal Femur [Mesh] [Etc],Proximal femur,Left,Mesh,LaserScan,Homo naledi,0000S2104,wits:dinaledi:101-398,,open,,,,Standard,CommercialUseNotPermitted,3DPrintingLimited,3727258,2015-12-12T12:47:09Z,,https://www.morphosource.org/concern/media/000008169,https://www.morphosource.org/downloads/000207668?file=thumbnail&t=1603146679,,,ark:/87602/m4/M8169,,,
000014974,femur,target_bone,True,True,False,Proximal Femur [Mesh] [Etc],Proximal femur,Left,Mesh,LaserScan,Homo naledi,0000S4244,wits:dinaledi:101-421,,open,,,,Standard,CommercialUseNotPermitted,3DPrintingLimited,6934056,2016-07-25T12:14:39Z,,https://www.morphosource.org/concern/media/000014974,https://www.morphosource.org/downloads/000213775?file=thumbnail&t=1603231889,,,ark:/87602/m4/M14974,,,
000014975,femur,target_bone,True,True,False,Distal Femur [Mesh] [Etc],Distal femur,Right,Mesh,LaserScan,Homo naledi,0000S4245,wits:dinaledi:101-545,,open,,,,Standard,CommercialUseNotPermitted,3DPrintingLimited,11114293,2016-07-25T12:49:54Z,,https://www.morphosource.org/concern/media/000014975,https://www.morphosource.org/downloads/000213776?file=thumbnail&t=1603231893,,,ark:/87602/m4/M14975,,,
000014976,femur,target_bone,True,True,False,U.W.101 1000   Right   Proximal Femur [Mesh] [Laser],U.W.101-1000 - Right - Proximal Femur,Right,Mesh,LaserScan,Homo naledi,0000S4246,wits:dinaledi:101-1000,,open,,http://rightsstatements.org/vocab/InC-EDU/1.0/,The University of the Witwatersrand,Standard,CommercialUseNotPermitted,3DPrintingPermitted,8830339,2016-07-25T13:02:58Z,,https://www.morphosource.org/concern/media/000014976,https://www.morphosource.org/downloads/000213777?file=thumbnail&t=1737739702,,,ark:/87602/m4/M14976,,,
000014977,femur,target_bone,True,False,False,"U.W.101 1098   Right Femur Epiphysis, Proximal [Mesh] [Laser]","U.W.101-1098 - Right femur epiphysis, proximal",Right,Mesh,LaserScan,Homo naledi,0000S4247,wits:dinaledi:101-1098,,open,,http://rightsstatements.org/vocab/InC-EDU/1.0/,The University of the Witwatersrand,Standard,CommercialUseNotPermitted,3DPrintingPermitted,16899260,2016-07-25T13:11:47Z,,https://www.morphosource.org/concern/media/000014977,https://www.morphosource.org/downloads/000213778?file=thumbnail&t=1646216115,,,ark:/87602/m4/M14977,,,
000014979,femur,target_bone,True,True,False,Proximal Femur [Mesh] [Etc],Proximal femur,Right,Mesh,LaserScan,Homo naledi,0000S4249,wits:dinaledi:101-1136,,open,,,,Standard,CommercialUseNotPermitted,3DPrintingLimited,12757259,2016-07-25T14:03:19Z,,https://www.morphosource.org/concern/media/000014979,https://www.morphosource.org/downloads/000213779?file=thumbnail&t=1603231895,,,ark:/87602/m4/M14979,,,
000015007,femur,target_bone,True,False,False,U.W. 101 938 Refitted Femur [Mesh] [Laser],U.W. 101-938 Refitted Femur,Right,Mesh,LaserScan,Homo naledi,0000S2163,wits:dinaledi:101-938,,open,,,,Standard,CommercialUseNotPermitted,3DPrintingLimited,27301828,2016-07-25T15:44:45Z,,https://www.morphosource.org/concern/media/000015007,https://www.morphosource.org/downloads/000213803?file=thumbnail&t=1737739919,,,ark:/87602/m4/M15007,,,
000015008,femur,target_bone,True,True,False,Distal Femur [Mesh] [Etc],Distal femur,Right,Mesh,LaserScan,Homo naledi,0000S4259,wits:dinaledi:101-1284,,open,,,,Standard,CommercialUseNotPermitted,3DPrintingLimited,14758463,2016-07-25T15:55:58Z,,https://www.morphosource.org/concern/media/000015008,https://www.morphosource.org/downloads/000213806?file=thumbnail&t=1603231924,,,ark:/87602/m4/M15008,,,
000026233,femur,target_bone,True,True,False,U.W.102a 001 Proximal Femur [Mesh] [Laser],U.W.102a-001 Proximal Femur,Right,Mesh,LaserScan,Homo naledi,0000S5829,wits:lesedi chamber:102a-001,,open,,,,Standard,CommercialUseNotPermitted,3DPrintingLimited,49359438,2017-05-08T18:44:08Z,,https://www.morphosource.org/concern/media/000026233,https://www.morphosource.org/downloads/000224105?file=thumbnail&t=1737739097,,doi:10.17602/M2/M26233,ark:/c7602/m2/m26233,,,
000026235,femur,target_bone,True,False,False,U.W. 102a 004 Femur [Mesh] [Laser],U.W. 102a-004 Femur,Left,Mesh,LaserScan,Homo naledi,0000S5831,wits:lesedi chamber:102a-004,,open,,,,Standard,CommercialUseNotPermitted,3DPrintingLimited,11604229,2017-05-08T19:15:39Z,,https://www.morphosource.org/concern/media/000026235,https://www.morphosource.org/downloads/000224107?file=thumbnail&t=1737739488,,doi:10.17602/M2/M26235,ark:/c7602/m2/m26235,,,
000613507,femur,target_bone,True,True,False,Proximal Femur [Mesh] [StrLight],Proximal femur,,Mesh,StructuredLight,Homo naledi,0000S2086,wits:dinaledi:101-002,,open,,,,Standard,CommercialUseNotPermitted,3DPrintingLimited,39329473,2024-03-20T01:36:21Z,Amanda Rossillo,https://www.morphosource.org/concern/media/000613507,https://www.morphosource.org/downloads/000613508?file=thumbnail&t=1711321753,,,ark:/87602/m4/613507,,,
000613511,femur,target_bone,True,True,False,Proximal Femur [Mesh] [StrLight],Proximal femur,,Mesh,StructuredLight,Homo naledi,0000S2104,wits:dinaledi:101-398,,open,,,,Standard,CommercialUseNotPermitted,3DPrintingLimited,33817241,2024-03-20T01:40:30Z,Amanda Rossillo,https://www.morphosource.org/concern/media/000613511,https://www.morphosource.org/downloads/000613512?file=thumbnail&t=1711321709,,,ark:/87602/m4/613511,,,
000613515,femur,target_bone,True,True,False,Proximal Femur [Mesh] [StrLight],Proximal femur,,Mesh,StructuredLight,Homo naledi,0000S2163,wits:dinaledi:101-938,,open,,,,Standard,CommercialUseNotPermitted,3DPrintingLimited,25894588,2024-03-20T01:44:17Z,Amanda Rossillo,https://www.morphosource.org/concern/media/000613515,https://www.morphosource.org/downloads/000613516?file=thumbnail&t=1711321665,,,ark:/87602/m4/613515,,,
000613519,femur,target_bone,True,True,False,Proximal Femur [Mesh] [StrLight],Proximal femur,,Mesh,StructuredLight,Homo naledi,0000S2106,wits:dinaledi:101-1391,,open,,,,Standard,CommercialUseNotPermitted,3DPrintingLimited,47732245,2024-03-20T01:47:11Z,Amanda Rossillo,https://www.morphosource.org/concern/media/000613519,https://www.morphosource.org/downloads/000613520?file=thumbnail&t=1711321608,,,ark:/87602/m4/613519,,,
000613523,femur,target_bone,True,True,False,Proximal Femur [Mesh] [StrLight],Proximal femur,,Mesh,StructuredLight,Homo naledi,0000S5829,wits:lesedi chamber:102a-001,,open,,,,Standard,CommercialUseNotPermitted,3DPrintingLimited,40922548,2024-03-20T01:50:56Z,Amanda Rossillo,https://www.morphosource.org/concern/media/000613523,https://www.morphosource.org/downloads/000613524?file=thumbnail&t=1711321576,,,ark:/87602/m4/613523,,,
000100688,fibula,target_bone,True,False,True,U.W.101 817   Left Fibula   Distal,U.W.101-817 - Left Fibula - Distal,Left,Mesh,LaserScan,Homo naledi,000S28358,wits:dinaledi:101-817,,open,,http://rightsstatements.org/vocab/InC-EDU/1.0/,The University of the Witwatersrand,Standard,CommercialUseNotPermitted,3DPrintingPermitted,135882612,2020-02-10T15:32:16Z,,https://www.morphosource.org/concern/media/000100688,https://www.morphosource.org/downloads/000289305?file=thumbnail&t=1738147167,,,ark:/87602/m4/M100688,done,data/meshes/homo_naledi/fibula/000100688,2026-07-22T12:55:16.046853+00:00
000100694,fibula,target_bone,True,False,False,U.W.101 1045   Left Fibula [Mesh] [Laser],U.W.101-1045 - Left fibula,Left,Mesh,LaserScan,Homo naledi,000S28360,wits:dinaledi:101-1045,,open,,http://rightsstatements.org/vocab/InC-EDU/1.0/,The University of the Witwatersrand,Standard,CommercialUseNotPermitted,3DPrintingPermitted,22645368,2020-02-10T15:45:13Z,,https://www.morphosource.org/concern/media/000100694,https://www.morphosource.org/downloads/000289309?file=thumbnail&t=1646212758,,,ark:/87602/m4/M100694,,,
000705021,fibula,target_bone,True,False,False,U.W.101 1037 Fibula Left   Dinaledi [Mesh] [Laser],U.W.101-1037 Fibula Left - Dinaledi,,Mesh,LaserScan,Homo naledi,000705018,UW,,open,,,,Standard,CommercialUseNotPermitted,3DPrintingLimited,1997698,2025-01-29T09:45:27Z,,https://www.morphosource.org/concern/media/000705021,https://www.morphosource.org/downloads/000705021?file=thumbnail&t=1738143927,,,ark:/87602/m4/705021,,,
000705035,fibula,target_bone,True,True,False,U.W.101 1437 Distal Fibula   Dinaledi [Mesh] [Laser],U.W.101-1437 Distal Fibula - Dinaledi,,Mesh,LaserScan,Homo naledi,000705032,UW,,open,,,,Standard,CommercialUseNotPermitted,3DPrintingLimited,7845785,2025-01-29T10:13:59Z,,https://www.morphosource.org/concern/media/000705035,https://www.morphosource.org/downloads/000705035?file=thumbnail&t=1738145639,,,ark:/87602/m4/705035,,,
000006573,humerus,target_bone,True,False,False,"Humerus, Immature [Mesh] [Etc]","Humerus, immature",Right,Mesh,LaserScan,Homo naledi,0000S2192,wits:dinaledi:101-948,,open,,,,Standard,CommercialUseNotPermitted,3DPrintingLimited,1088567,2015-09-10T03:41:34Z,,https://www.morphosource.org/concern/media/000006573,https://www.morphosource.org/downloads/000206181?file=thumbnail&t=1603144850,,,ark:/87602/m4/M6573,,,
000006576,humerus,target_bone,True,False,False,Humerus [Mesh] [Etc],Humerus,Right,Mesh,LaserScan,Homo naledi,0000S2195,wits:dinaledi:101-283,,open,,,,Standard,CommercialUseNotPermitted,3DPrintingLimited,2522818,2015-09-10T03:50:47Z,,https://www.morphosource.org/concern/media/000006576,https://www.morphosource.org/downloads/000206184?file=thumbnail&t=1603144852,,,ark:/87602/m4/M6576,,,
000009392,humerus,target_bone,True,False,False,Humerus [Mesh] [Etc],humerus,Right,Mesh,LaserScan,Homo naledi,0000S2882,wits:dinaledi:101-466,,open,,,,Standard,CommercialUseNotPermitted,3DPrintingLimited,9682909,2016-02-17T21:51:31Z,,https://www.morphosource.org/concern/media/000009392,https://www.morphosource.org/downloads/000208982?file=thumbnail&t=1603148216,,,ark:/87602/m4/M9392,,,
000009393,humerus,target_bone,True,False,False,Humerus [Mesh] [Etc],humerus,Right,Mesh,LaserScan,Homo naledi,0000S2883,wits:dinaledi:101-1240,,open,,,,Standard,CommercialUseNotPermitted,3DPrintingLimited,3479034,2016-02-17T22:23:41Z,,https://www.morphosource.org/concern/media/000009393,https://www.morphosource.org/downloads/000208984?file=thumbnail&t=1603148224,,,ark:/87602/m4/M9393,,,
000013852,humerus,target_bone,True,False,False,Humerus [Mesh] [Etc],Humerus,Right,Mesh,LaserScan,Homo naledi,0000S2677,wits:dinaledi:101-031,,open,,,,Standard,CommercialUseNotPermitted,3DPrintingLimited,26529641,2016-06-13T22:58:08Z,,https://www.morphosource.org/concern/media/000013852,https://www.morphosource.org/downloads/000212564?file=thumbnail&t=1603230393,,,ark:/87602/m4/M13852,,,
000026234,humerus,target_bone,True,False,True,Humerus [Mesh] [Etc],Humerus,Right,Mesh,LaserScan,Homo naledi,0000S5830,wits:lesedi chamber:102a-002,,open,,,,Standard,CommercialUseNotPermitted,3DPrintingLimited,43273228,2017-05-08T19:10:41Z,,https://www.morphosource.org/concern/media/000026234,https://www.morphosource.org/downloads/000224106?file=thumbnail&t=1603248460,,,ark:/87602/m4/M26234,done,data/meshes/homo_naledi/humerus/000026234,2026-07-22T12:55:39.688917+00:00
000026251,humerus,target_bone,True,True,False,Proximal Humerus [Mesh] [Etc],Proximal humerus,Left,Mesh,LaserScan,Homo naledi,0000S5847,wits:lesedi chamber:102a-257,,open,,,,Standard,CommercialUseNotPermitted,3DPrintingLimited,54735560,2017-05-08T22:10:12Z,,https://www.morphosource.org/concern/media/000026251,https://www.morphosource.org/downloads/000224123?file=thumbnail&t=1603248483,,,ark:/87602/m4/M26251,,,
000100689,humerus,target_bone,True,False,False,U.W.101 948   Right Humerus [Mesh] [Laser],U.W.101-948 - Right humerus,Right,Mesh,LaserScan,Homo naledi,000S28359,wits:dinaledi:101-948,,open,,http://rightsstatements.org/vocab/InC-EDU/1.0/,The University of the Witwatersrand,Standard,CommercialUseNotPermitted,3DPrintingPermitted,31075423,2020-02-10T15:38:26Z,,https://www.morphosource.org/concern/media/000100689,https://www.morphosource.org/downloads/000289306?file=thumbnail&t=1646208547,,,ark:/87602/m4/M100689,,,
000006487,mandible,target_bone,True,True,False,Mandible Fragment [Mesh] [Etc],mandible fragment,Right,Mesh,LaserScan,Homo naledi,0000S2111,wits:dinaledi:101-1142,,open,,,,Standard,CommercialUseNotPermitted,3DPrintingLimited,15267475,2015-09-05T18:01:25Z,,https://www.morphosource.org/concern/media/000006487,https://www.morphosource.org/downloads/000206100?file=thumbnail&t=1603144748,,,ark:/87602/m4/M6487,,,
000006526,mandible,target_bone,True,False,False,Mandible [Mesh] [Etc],mandible,Right,Mesh,LaserScan,Homo naledi,0000S2145,wits:dinaledi:101-001,,open,,,,Standard,CommercialUseNotPermitted,3DPrintingLimited,4036814,2015-09-09T02:01:36Z,,https://www.morphosource.org/concern/media/000006526,https://www.morphosource.org/downloads/000206135?file=thumbnail&t=1603144791,,,ark:/87602/m4/M6526,,,
000006531,mandible,target_bone,True,False,False,U.W.101 377   Right Mandible C M2 [Mesh] [Laser],U.W.101-377 - Right mandible C-M2,Right,Mesh,LaserScan,Homo naledi,0000S2150,wits:dinaledi:101-377,,open,,http://rightsstatements.org/vocab/InC-EDU/1.0/,The University of the Witwatersrand,Standard,CommercialUseNotPermitted,3DPrintingPermitted,4035019,2015-09-09T02:29:19Z,,https://www.morphosource.org/concern/media/000006531,https://www.morphosource.org/downloads/000206140?file=thumbnail&t=1646208607,,,ark:/87602/m4/M6531,,,
000006541,mandible,target_bone,True,False,True,Mandible (Dh1) [Mesh] [Etc],mandible (DH1),,Mesh,LaserScan,Homo naledi,0000S2155,wits:dinaledi:101-1261,,open,,,,Standard,CommercialUseNotPermitted,3DPrintingLimited,186174724,2015-09-09T02:59:29Z,,https://www.morphosource.org/concern/media/000006541,https://www.morphosource.org/downloads/000206149?file=thumbnail&t=1603144817,,,ark:/87602/m4/M6541,done,data/meshes/homo_naledi/mandible/000006541,2026-07-22T12:57:51.950323+00:00
000026242,mandible,target_bone,True,False,False,Mandible [Mesh] [Etc],Mandible,NotApplicable,Mesh,LaserScan,Homo naledi,0000S5838,wits:lesedi chamber:102a-023,,open,,,,Standard,CommercialUseNotPermitted,3DPrintingLimited,137903922,2017-05-08T19:50:26Z,,https://www.morphosource.org/concern/media/000026242,https://www.morphosource.org/downloads/000224114?file=thumbnail&t=1603248469,,,ark:/87602/m4/M26242,,,
000084476,mandible,target_bone,True,True,False,Wits   Lesedi Chamber   U.W. 102c 589 (Mandible Fragment With Lm1 Lm2) [Mesh] [Etc],WITS - Lesedi Chamber - U.W. 102c-589 (Mandible fragment with LM1-LM2),,Mesh,LaserScan,Homo naledi,000S24997,wits:lesedi chamber:102c-589,,open,,,,Standard,CommercialUseNotPermitted,3DPrintingLimited,154416361,2019-08-08T14:21:16Z,,https://www.morphosource.org/concern/media/000084476,https://www.morphosource.org/downloads/000274875?file=thumbnail&t=1604098561,,,ark:/87602/m4/M84476,,,
000006483,maxilla,target_bone,True,False,True,Maxilla [Mesh] [Etc],maxilla,Left,Mesh,LaserScan,Homo naledi,0000S2108,wits:dinaledi:101-1277,,open,,,,Standard,CommercialUseNotPermitted,3DPrintingLimited,58196385,2015-09-05T16:34:11Z,,https://www.morphosource.org/concern/media/000006483,https://www.morphosource.org/downloads/000206096?file=thumbnail&t=1603144745,,,ark:/87602/m4/M6483,done,data/meshes/homo_naledi/maxilla/000006483,2026-07-22T12:58:01.408801+00:00
000006486,metacarpal_1,target_bone,True,False,False,First Metacarpal (Mc1) [Mesh] [Etc],First metacarpal (MC1),Right,Mesh,LaserScan,Homo naledi,0000S2110,wits:dinaledi:101-1321,,open,,,,Standard,CommercialUseNotPermitted,3DPrintingLimited,28099971,2015-09-05T17:27:44Z,,https://www.morphosource.org/concern/media/000006486,https://www.morphosource.org/downloads/000206099?file=thumbnail&t=1603144746,,,ark:/87602/m4/M6486,,,
000006501,metacarpal_1,target_bone,True,False,False,Mc1 [Mesh] [Etc],Mc1,Right,Mesh,LaserScan,Homo naledi,0000S2124,wits:dinaledi:101-1321,,open,,,,Standard,CommercialUseNotPermitted,3DPrintingLimited,1340625,2015-09-08T21:51:07Z,,https://www.morphosource.org/concern/media/000006501,https://www.morphosource.org/downloads/000206113?file=thumbnail&t=1603144771,,,ark:/87602/m4/M6501,,,
000614351,metacarpal_1,target_bone,True,False,False,Mc1 [Mesh] [StrLight],Mc1,,Mesh,StructuredLight,Homo naledi,000614348,wits:dinaledi:U.W. 101-007,,open,,,,Standard,CommercialUseNotPermitted,3DPrintingLimited,10245795,2024-03-24T14:31:48Z,Amanda Rossillo,https://www.morphosource.org/concern/media/000614351,https://www.morphosource.org/downloads/000614352?file=thumbnail&t=1711320141,,,ark:/87602/m4/614351,,,
000614363,metacarpal_1,target_bone,True,False,False,Mc1 [Mesh] [StrLight],Mc1,,Mesh,StructuredLight,Homo naledi,0000S2110,wits:dinaledi:101-1321,,open,,,,Standard,CommercialUseNotPermitted,3DPrintingLimited,8241840,2024-03-24T15:04:19Z,Amanda Rossillo,https://www.morphosource.org/concern/media/000614363,https://www.morphosource.org/downloads/000614364?file=thumbnail&t=1711320027,,,ark:/87602/m4/614363,,,
000705030,patella,target_bone,True,False,True,U.W.101 1404 Patella Complete   Dinaledi [Mesh] [Laser],U.W.101-1404 Patella Complete - Dinaledi,,Mesh,LaserScan,Homo naledi,000705027,UW,,open,,,,Standard,CommercialUseNotPermitted,3DPrintingLimited,27085274,2025-01-29T10:01:03Z,,https://www.morphosource.org/concern/media/000705030,https://www.morphosource.org/downloads/000705030?file=thumbnail&t=1738144864,,,ark:/87602/m4/705030,done,data/meshes/homo_naledi/patella/000705030,2026-07-22T12:58:41.796327+00:00
000013858,radius,target_bone,True,False,False,Radius [Mesh] [Etc],Radius,Right,Mesh,LaserScan,Homo naledi,0000S4081,wits:dinaledi:101-1346,,open,,,,Standard,CommercialUseNotPermitted,3DPrintingLimited,16384054,2016-06-13T23:35:26Z,,https://www.morphosource.org/concern/media/000013858,https://www.morphosource.org/downloads/000212567?file=thumbnail&t=1603230395,,,ark:/87602/m4/M13858,,,
000013859,radius,target_bone,True,False,False,Radius [Mesh] [Etc],Radius,Left,Mesh,LaserScan,Homo naledi,0000S4082,wits:dinaledi:101-935,,open,,,,Standard,CommercialUseNotPermitted,3DPrintingLimited,10703757,2016-06-13T23:47:57Z,,https://www.morphosource.org/concern/media/000013859,https://www.morphosource.org/downloads/000212568?file=thumbnail&t=1603230402,,,ark:/87602/m4/M13859,,,
000026239,radius,target_bone,True,False,True,Radius [Mesh] [Etc],Radius,Right,Mesh,LaserScan,Homo naledi,0000S5835,wits:lesedi chamber:102a-025,,open,,,,Standard,CommercialUseNotPermitted,3DPrintingLimited,35968832,2017-05-08T19:34:16Z,,https://www.morphosource.org/concern/media/000026239,https://www.morphosource.org/downloads/000224109?file=thumbnail&t=1603248466,,,ark:/87602/m4/M26239,done,data/meshes/homo_naledi/radius/000026239,2026-07-22T12:58:51.520554+00:00
000006549,rib,target_bone,True,False,False,Rib 1 [Mesh] [Etc],Rib 1,Left,Mesh,LaserScan,Homo naledi,0000S2166,wits:dinaledi:101-083,,open,,,,Standard,CommercialUseNotPermitted,3DPrintingLimited,543573,2015-09-09T12:45:55Z,,https://www.morphosource.org/concern/media/000006549,https://www.morphosource.org/downloads/000206156?file=thumbnail&t=1603144819,,,ark:/87602/m4/M6549,,,
000006551,rib,target_bone,True,False,False,Rib 11 [Mesh] [Etc],Rib 11,Left,Mesh,LaserScan,Homo naledi,0000S2168,wits:dinaledi:101-524,,open,,,,Standard,CommercialUseNotPermitted,3DPrintingLimited,611485,2015-09-09T12:56:13Z,,https://www.morphosource.org/concern/media/000006551,https://www.morphosource.org/downloads/000206159?file=thumbnail&t=1603144820,,,ark:/87602/m4/M6551,,,
000006555,rib,target_bone,True,False,False,Rib 12 [Mesh] [Etc],Rib 12,Right,Mesh,LaserScan,Homo naledi,0000S2172,wits:dinaledi:101-1119,,open,,,,Standard,CommercialUseNotPermitted,3DPrintingLimited,663081,2015-09-09T13:06:08Z,,https://www.morphosource.org/concern/media/000006555,https://www.morphosource.org/downloads/000206163?file=thumbnail&t=1603144832,,,ark:/87602/m4/M6555,,,
000026248,rib,target_bone,True,False,True,Rib 1 [Mesh] [Etc],Rib 1,Right,Mesh,LaserScan,Homo naledi,0000S5844,wits:lesedi chamber:102a-250,,open,,,,Standard,CommercialUseNotPermitted,3DPrintingLimited,2713657,2017-05-08T21:55:37Z,,https://www.morphosource.org/concern/media/000026248,https://www.morphosource.org/downloads/000224120?file=thumbnail&t=1603248482,,,ark:/87602/m4/M26248,done,data/meshes/homo_naledi/rib/000026248,2026-07-22T12:58:56.239987+00:00
000006552,sacrum,target_bone,True,False,True,Juvenile Sacrum S1 [Mesh] [Etc],Juvenile sacrum S1,,Mesh,LaserScan,Homo naledi,0000S2169,wits:dinaledi:101-723,,open,,,,Standard,CommercialUseNotPermitted,3DPrintingLimited,1812826,2015-09-09T12:58:04Z,,https://www.morphosource.org/concern/media/000006552,https://www.morphosource.org/downloads/000206160?file=thumbnail&t=1603144822,,,ark:/87602/m4/M6552,done,data/meshes/homo_naledi/sacrum/000006552,2026-07-22T12:59:02.290335+00:00
000013856,scapula,target_bone,True,False,False,Scapula [Mesh] [Etc],Scapula,Right,Mesh,LaserScan,Homo naledi,0000S4079,wits:dinaledi:101-1301,,open,,,,Standard,CommercialUseNotPermitted,3DPrintingLimited,48834039,2016-06-13T23:13:48Z,,https://www.morphosource.org/concern/media/000013856,https://www.morphosource.org/downloads/000212565?file=thumbnail&t=1603230394,,,ark:/87602/m4/M13856,,,
000026236,scapula,target_bone,True,False,True,Scapula [Mesh] [Etc],Scapula,Right,Mesh,LaserScan,Homo naledi,0000S5832,wits:lesedi chamber:102a-010,,open,,,,Standard,CommercialUseNotPermitted,3DPrintingLimited,62897748,2017-05-08T19:20:54Z,,https://www.morphosource.org/concern/media/000026236,https://www.morphosource.org/downloads/000224108?file=thumbnail&t=1603248466,,,ark:/87602/m4/M26236,done,data/meshes/homo_naledi/scapula/000026236,2026-07-22T12:59:24.596674+00:00
000006543,tibia,target_bone,True,False,False,U.W.101 1070   Left Tibia [Mesh] [Laser],U.W.101-1070 - Left Tibia,Left,Mesh,LaserScan,Homo naledi,0000S2162,wits:dinaledi:101-1070,,open,,http://rightsstatements.org/vocab/InC-EDU/1.0/,The University of the Witwatersrand,Standard,CommercialUseNotPermitted,3DPrintingPermitted,1732043,2015-09-09T03:15:27Z,,https://www.morphosource.org/concern/media/000006543,https://www.morphosource.org/downloads/000206150?file=thumbnail&t=1737740278,,,ark:/87602/m4/M6543,,,
000014981,tibia,target_bone,True,True,False,Distal Tibia [Mesh] [Etc],Distal tibia,Left,Mesh,LaserScan,Homo naledi,0000S4251,wits:dinaledi:101-420,,open,,,,Standard,CommercialUseNotPermitted,3DPrintingLimited,10311452,2016-07-25T14:15:11Z,,https://www.morphosource.org/concern/media/000014981,https://www.morphosource.org/downloads/000213781?file=thumbnail&t=1603231895,,,ark:/87602/m4/M14981,,,
000014985,tibia,target_bone,True,False,True,U.W.101 484 Tibia [Mesh] [Laser],U.W.101-484 Tibia,Right,Mesh,LaserScan,Homo naledi,0000S4252,wits:dinaledi:101-484,,open,,,,Standard,CommercialUseNotPermitted,3DPrintingLimited,34021722,2016-07-25T14:43:42Z,,https://www.morphosource.org/concern/media/000014985,https://www.morphosource.org/downloads/000213782?file=thumbnail&t=1737740648,,,ark:/87602/m4/M14985,done,data/meshes/homo_naledi/tibia/000014985,2026-07-22T12:59:36.544302+00:00
000014990,tibia,target_bone,True,True,False,Proximal Tibial Shaft [Mesh] [Etc],Proximal tibial shaft,Right,Mesh,LaserScan,Homo naledi,0000S4253,wits:dinaledi:101-571,,open,,,,Standard,CommercialUseNotPermitted,3DPrintingLimited,14123098,2016-07-25T14:49:22Z,,https://www.morphosource.org/concern/media/000014990,https://www.morphosource.org/downloads/000213787?file=thumbnail&t=1603231904,,,ark:/87602/m4/M14990,,,
000014991,tibia,target_bone,True,True,False,Distal Tibia [Mesh] [Etc],Distal tibia,Left,Mesh,LaserScan,Homo naledi,0000S4255,wits:dinaledi:101-711,,open,,,,Standard,CommercialUseNotPermitted,3DPrintingLimited,5710355,2016-07-25T14:55:52Z,,https://www.morphosource.org/concern/media/000014991,https://www.morphosource.org/downloads/000213788?file=thumbnail&t=1603231908,,,ark:/87602/m4/M14991,,,
000014998,tibia,target_bone,True,False,False,U.W.101 996   Right Tibia [Mesh] [Laser],U.W.101-996 - Right tibia,Right,Mesh,LaserScan,Homo naledi,0000S4257,wits:dinaledi:101-996,,open,,http://rightsstatements.org/vocab/InC-EDU/1.0/,The University of the Witwatersrand,Standard,CommercialUseNotPermitted,3DPrintingPermitted,23380341,2016-07-25T15:23:56Z,,https://www.morphosource.org/concern/media/000014998,https://www.morphosource.org/downloads/000213795?file=thumbnail&t=1646209037,,,ark:/87602/m4/M14998,,,
000015000,tibia,target_bone,True,True,False,U.W. 101 1416 Distal Tibia [Mesh] [Laser],U.W. 101-1416 Distal Tibia,Right,Mesh,LaserScan,Homo naledi,0000S4258,wits:dinaledi:101-1416,,open,,,,Standard,CommercialUseNotPermitted,3DPrintingLimited,3989371,2016-07-25T15:31:01Z,,https://www.morphosource.org/concern/media/000015000,https://www.morphosource.org/downloads/000213798?file=thumbnail&t=1737740060,,,ark:/87602/m4/M15000,,,
000006539,trapezium,target_bone,True,False,False,Trapezium [Mesh] [Etc],trapezium,Right,Mesh,LaserScan,Homo naledi,0000S2159,wits:dinaledi:101-1731,,open,,,,Standard,CommercialUseNotPermitted,3DPrintingLimited,506421,2015-09-09T02:51:02Z,,https://www.morphosource.org/concern/media/000006539,https://www.morphosource.org/downloads/000206147?file=thumbnail&t=1603144806,,,ark:/87602/m4/M6539,,,
000013857,ulna,target_bone,True,False,False,Ulna [Mesh] [Etc],Ulna,Right,Mesh,LaserScan,Homo naledi,0000S4080,wits:dinaledi:101-560,,open,,,,Standard,CommercialUseNotPermitted,3DPrintingLimited,33599189,2016-06-13T23:24:48Z,,https://www.morphosource.org/concern/media/000013857,https://www.morphosource.org/downloads/000212566?file=thumbnail&t=1603230395,,,ark:/87602/m4/M13857,,,
000026237,ulna,target_bone,True,False,True,Ulna [Mesh] [Etc],Ulna,Right,Mesh,LaserScan,Homo naledi,0000S5833,wits:lesedi chamber:102a-015,,open,,,,Standard,CommercialUseNotPermitted,3DPrintingLimited,56908545,2017-05-08T19:25:23Z,,https://www.morphosource.org/concern/media/000026237,https://www.morphosource.org/downloads/000224111?file=thumbnail&t=1603248466,,,ark:/87602/m4/M26237,done,data/meshes/homo_naledi/ulna/000026237,2026-07-22T12:59:57.144380+00:00
000006546,vertebra,target_bone,True,False,False,Lower Thoracic Vertebra (T10) [Mesh] [Etc],Lower thoracic vertebra (T10),,Mesh,LaserScan,Homo naledi,0000S2164,wits:dinaledi:101-855,,open,,,,Standard,CommercialUseNotPermitted,3DPrintingLimited,3316028,2015-09-09T12:39:14Z,,https://www.morphosource.org/concern/media/000006546,https://www.morphosource.org/downloads/000206155?file=thumbnail&t=1603219817,,,ark:/87602/m4/M6546,,,
000006547,vertebra,target_bone,True,False,False,Lower Thoracic Vertebra (T10) [Mesh] [Etc],Lower thoracic vertebra (T10),,Mesh,LaserScan,Homo naledi,0000S2164,wits:dinaledi:101-855,,open,,,,Standard,CommercialUseNotPermitted,3DPrintingLimited,3316032,2015-09-09T12:39:15Z,,https://www.morphosource.org/concern/media/000006547,https://www.morphosource.org/downloads/000206154?file=thumbnail&t=1603219817,,,ark:/87602/m4/M6547,,,
000006548,vertebra,target_bone,True,False,True,Lower Thoracic Vertebra (T11) [Mesh] [Etc],Lower thoracic vertebra (T11),,Mesh,LaserScan,Homo naledi,0000S2165,wits:dinaledi:101-1733,,open,,,,Standard,CommercialUseNotPermitted,3DPrintingLimited,11236093,2015-09-09T12:42:22Z,,https://www.morphosource.org/concern/media/000006548,https://www.morphosource.org/downloads/000206157?file=thumbnail&t=1603144819,,,ark:/87602/m4/M6548,done,data/meshes/homo_naledi/vertebra/000006548,2026-07-22T13:00:04.811362+00:00
000006550,vertebra,target_bone,True,False,False,Lower Lumbar Vertebra [Mesh] [Etc],Lower lumbar vertebra,,Mesh,LaserScan,Homo naledi,0000S2167,wits:dinaledi:101-478,,open,,,,Standard,CommercialUseNotPermitted,3DPrintingLimited,2677065,2015-09-09T12:53:46Z,,https://www.morphosource.org/concern/media/000006550,https://www.morphosource.org/downloads/000206158?file=thumbnail&t=1603144820,,,ark:/87602/m4/M6550,,,
000006556,,unclassified,False,False,False,Element Unspecified [Mesh] [Etc],,,Mesh,LaserScan,Homo naledi,0000S2174,wits:dinaledi:101-1443,,open,,,,Standard,CommercialUseNotPermitted,3DPrintingLimited,4533574,2015-09-09T20:16:26Z,,https://www.morphosource.org/concern/media/000006556,https://www.morphosource.org/downloads/000206166?file=thumbnail&t=1603144833,,,ark:/87602/m4/M6556,,,
000006557,,unclassified,False,False,False,Element Unspecified [Mesh] [Etc],,,Mesh,LaserScan,Homo naledi,0000S2175,wits:dinaledi:101-1458,,open,,,,Standard,CommercialUseNotPermitted,3DPrintingLimited,3364851,2015-09-09T20:21:52Z,,https://www.morphosource.org/concern/media/000006557,https://www.morphosource.org/downloads/000206164?file=thumbnail&t=1603144833,,,ark:/87602/m4/M6557,,,
000006558,,unclassified,False,False,False,Element Unspecified [Mesh] [Etc],,,Mesh,LaserScan,Homo naledi,0000S2176,wits:dinaledi:101-1457,,open,,,,Standard,CommercialUseNotPermitted,3DPrintingLimited,3115393,2015-09-09T20:23:38Z,,https://www.morphosource.org/concern/media/000006558,https://www.morphosource.org/downloads/000206165?file=thumbnail&t=1603144833,,,ark:/87602/m4/M6558,,,
000006559,,unclassified,False,False,False,Element Unspecified [Mesh] [Etc],,,Mesh,LaserScan,Homo naledi,0000S2177,wits:dinaledi:101-1456,,open,,,,Standard,CommercialUseNotPermitted,3DPrintingLimited,3934564,2015-09-09T20:25:12Z,,https://www.morphosource.org/concern/media/000006559,https://www.morphosource.org/downloads/000206167?file=thumbnail&t=1603144833,,,ark:/87602/m4/M6559,,,
000006560,,unclassified,False,False,False,Element Unspecified [Mesh] [Etc],,,Mesh,LaserScan,Homo naledi,0000S2178,wits:dinaledi:101-1439,,open,,,,Standard,CommercialUseNotPermitted,3DPrintingLimited,3037248,2015-09-09T20:27:09Z,,https://www.morphosource.org/concern/media/000006560,https://www.morphosource.org/downloads/000206168?file=thumbnail&t=1603144835,,,ark:/87602/m4/M6560,,,
000006561,,unclassified,False,False,False,Element Unspecified [Mesh] [Etc],,,Mesh,LaserScan,Homo naledi,0000S2179,wits:dinaledi:101-1019,,open,,,,Standard,CommercialUseNotPermitted,3DPrintingLimited,10019400,2015-09-09T20:28:41Z,,https://www.morphosource.org/concern/media/000006561,https://www.morphosource.org/downloads/000206169?file=thumbnail&t=1603144835,,,ark:/87602/m4/M6561,,,
000006562,,unclassified,False,False,False,Element Unspecified [Mesh] [Etc],,,Mesh,LaserScan,Homo naledi,0000S2180,wits:dinaledi:101-1530,,open,,,,Standard,CommercialUseNotPermitted,3DPrintingLimited,8959237,2015-09-09T20:30:34Z,,https://www.morphosource.org/concern/media/000006562,https://www.morphosource.org/downloads/000206170?file=thumbnail&t=1603144835,,,ark:/87602/m4/M6562,,,
000006563,,unclassified,False,False,False,Element Unspecified [Mesh] [Etc],,,Mesh,LaserScan,Homo naledi,0000S2181,wits:dinaledi:101-1419,,open,,,,Standard,CommercialUseNotPermitted,3DPrintingLimited,3382933,2015-09-09T20:32:51Z,,https://www.morphosource.org/concern/media/000006563,https://www.morphosource.org/downloads/000206172?file=thumbnail&t=1603144836,,,ark:/87602/m4/M6563,,,
000006564,,unclassified,False,False,False,Element Unspecified [Mesh] [Etc],,,Mesh,LaserScan,Homo naledi,0000S2182,wits:dinaledi:101-1022,,open,,,,Standard,CommercialUseNotPermitted,3DPrintingLimited,8059135,2015-09-09T20:34:06Z,,https://www.morphosource.org/concern/media/000006564,https://www.morphosource.org/downloads/000206171?file=thumbnail&t=1603144836,,,ark:/87602/m4/M6564,,,
000006565,,unclassified,False,False,False,Element Unspecified [Mesh] [Etc],,,Mesh,LaserScan,Homo naledi,0000S2183,wits:dinaledi:101-269,,open,,,,Standard,CommercialUseNotPermitted,3DPrintingLimited,8547601,2015-09-09T20:35:22Z,,https://www.morphosource.org/concern/media/000006565,https://www.morphosource.org/downloads/000206173?file=thumbnail&t=1603144847,,,ark:/87602/m4/M6565,,,
000006566,,unclassified,False,False,False,Element Unspecified [Mesh] [Etc],,,Mesh,LaserScan,Homo naledi,0000S2184,wits:dinaledi:101-1322,,open,,,,Standard,CommercialUseNotPermitted,3DPrintingLimited,18911716,2015-09-09T20:36:49Z,,https://www.morphosource.org/concern/media/000006566,https://www.morphosource.org/downloads/000206174?file=thumbnail&t=1603144847,,,ark:/87602/m4/M6566,,,
000006567,,unclassified,False,False,False,Element Unspecified [Mesh] [Etc],,,Mesh,LaserScan,Homo naledi,0000S2185,wits:dinaledi:101-1418,,open,,,,Standard,CommercialUseNotPermitted,3DPrintingLimited,3858764,2015-09-09T20:38:01Z,,https://www.morphosource.org/concern/media/000006567,https://www.morphosource.org/downloads/000206175?file=thumbnail&t=1603144848,,,ark:/87602/m4/M6567,,,
000006568,,unclassified,False,False,False,Element Unspecified [Mesh] [Etc],,,Mesh,LaserScan,Homo naledi,0000S2186,wits:dinaledi:101-1457b,,open,,,,Standard,CommercialUseNotPermitted,3DPrintingLimited,2473579,2015-09-09T20:40:15Z,,https://www.morphosource.org/concern/media/000006568,https://www.morphosource.org/downloads/000206176?file=thumbnail&t=1603144848,,,ark:/87602/m4/M6568,,,
000006570,,unclassified,False,False,False,Element Unspecified [Mesh] [Etc],,,Mesh,LaserScan,Homo naledi,0000S2188,wits:dinaledi:101-148/149,,open,,,,Standard,CommercialUseNotPermitted,3DPrintingLimited,15710126,2015-09-09T20:43:48Z,,https://www.morphosource.org/concern/media/000006570,https://www.morphosource.org/downloads/000206179?file=thumbnail&t=1603144849,,,ark:/87602/m4/M6570,,,
000006571,,unclassified,False,False,False,Element Unspecified [Mesh] [Etc],,,Mesh,LaserScan,Homo naledi,0000S2189,wits:dinaledi:101-1417,,open,,,,Standard,CommercialUseNotPermitted,3DPrintingLimited,8232346,2015-09-09T20:45:17Z,,https://www.morphosource.org/concern/media/000006571,https://www.morphosource.org/downloads/000206178?file=thumbnail&t=1603144849,,,ark:/87602/m4/M6571,,,
000014606,,unclassified,False,False,False,Element Unspecified [Mesh] [Etc],,,Mesh,LaserScan,Homo naledi,0000S4211,wits:dinaledi:hand-1,,open,,,,Standard,CommercialUseNotPermitted,3DPrintingLimited,60188287,2016-07-11T17:20:20Z,,https://www.morphosource.org/concern/media/000014606,https://www.morphosource.org/downloads/000213360?file=thumbnail&t=1603231383,,,ark:/87602/m4/M14606,,,
000026123,,unclassified,False,False,False,Element Unspecified [Mesh] [Etc],,,Mesh,LaserScan,Homo naledi,0000S5800,wits:dinaledi:Foot-1,,open,,,,Standard,CommercialUseNotPermitted,3DPrintingLimited,104073377,2017-04-27T18:34:38Z,,https://www.morphosource.org/concern/media/000026123,https://www.morphosource.org/downloads/000223992?file=thumbnail&t=1603248314,,,ark:/87602/m4/M26123,,,
000048490,,unclassified,False,False,False,Element Unspecified [Mesh] [Etc],,,Mesh,LaserScan,Homo naledi,000S12160,wits:dinaledi:101-770,,open,,,,Standard,CommercialUseNotPermitted,3DPrintingLimited,4958447,2018-05-14T15:32:45Z,,https://www.morphosource.org/concern/media/000048490,https://www.morphosource.org/downloads/000242700?file=thumbnail&t=1603763661,,,ark:/87602/m4/M48490,,,
000048491,,unclassified,False,False,False,Element Unspecified [Mesh] [Etc],,,Mesh,LaserScan,Homo naledi,000S12161,wits:dinaledi:101-200,,open,,,,Standard,CommercialUseNotPermitted,3DPrintingLimited,5000545,2018-05-14T15:37:00Z,,https://www.morphosource.org/concern/media/000048491,https://www.morphosource.org/downloads/000242699?file=thumbnail&t=1603763661,,,ark:/87602/m4/M48491,,,
000084554,,unclassified,False,False,False,Element Unspecified [Mesh] [Etc],,,Mesh,LaserScan,Homo naledi,000S24997,wits:lesedi chamber:102c-589,,open,,,,Standard,CommercialUseNotPermitted,3DPrintingLimited,154416361,2019-08-12T08:04:48Z,,https://www.morphosource.org/concern/media/000084554,https://www.morphosource.org/downloads/000274970?file=thumbnail&t=1604098724,,,ark:/87602/m4/M84554,,,
000084555,,unclassified,False,False,False,Element Unspecified [Mesh] [Etc],,,Mesh,LaserScan,Homo naledi,000S25013,wits:lesedi chamber:102a-240,,open,,,,Standard,CommercialUseNotPermitted,3DPrintingLimited,24834041,2019-08-12T10:15:49Z,,https://www.morphosource.org/concern/media/000084555,https://www.morphosource.org/downloads/000274971?file=thumbnail&t=1604098725,,,ark:/87602/m4/M84555,,,
000084556,,unclassified,False,False,False,Element Unspecified [Mesh] [Etc],,,Mesh,LaserScan,Homo naledi,000S25014,wits:lesedi chamber:102a-235a,,open,,,,Standard,CommercialUseNotPermitted,3DPrintingLimited,4252697,2019-08-12T10:53:12Z,,https://www.morphosource.org/concern/media/000084556,https://www.morphosource.org/downloads/000274974?file=thumbnail&t=1604098727,,,ark:/87602/m4/M84556,,,
000084557,,unclassified,False,False,False,Element Unspecified [Mesh] [Etc],,,Mesh,LaserScan,Homo naledi,000S25015,wits:lesedi chamber:102a-194,,open,,,,Standard,CommercialUseNotPermitted,3DPrintingLimited,7690189,2019-08-12T11:01:38Z,,https://www.morphosource.org/concern/media/000084557,https://www.morphosource.org/downloads/000274973?file=thumbnail&t=1604098728,,,ark:/87602/m4/M84557,,,
000084558,,unclassified,False,False,False,Element Unspecified [Mesh] [Etc],,,Mesh,LaserScan,Homo naledi,000S25016,wits:lesedi chamber:102a-181,,open,,,,Standard,CommercialUseNotPermitted,3DPrintingLimited,4737009,2019-08-12T11:09:51Z,,https://www.morphosource.org/concern/media/000084558,https://www.morphosource.org/downloads/000274975?file=thumbnail&t=1604098729,,,ark:/87602/m4/M84558,,,
000084559,,unclassified,False,False,False,Element Unspecified [Mesh] [Etc],,,Mesh,LaserScan,Homo naledi,000S25017,wits:lesedi chamber:102a-181,,open,,,,Standard,CommercialUseNotPermitted,3DPrintingLimited,5050841,2019-08-12T13:00:00Z,,https://www.morphosource.org/concern/media/000084559,https://www.morphosource.org/downloads/000274976?file=thumbnail&t=1604098732,,,ark:/87602/m4/M84559,,,
000084560,,unclassified,False,False,False,Element Unspecified [Mesh] [Etc],,,Mesh,LaserScan,Homo naledi,000S25018,wits:lesedi chamber:102a-168,,open,,,,Standard,CommercialUseNotPermitted,3DPrintingLimited,26692940,2019-08-12T13:23:48Z,,https://www.morphosource.org/concern/media/000084560,https://www.morphosource.org/downloads/000274977?file=thumbnail&t=1604098736,,,ark:/87602/m4/M84560,,,
000084562,,unclassified,False,False,False,Element Unspecified [Mesh] [Etc],,,Mesh,LaserScan,Homo naledi,000S25019,wits:lesedi chamber:102a-089,,open,,,,Standard,CommercialUseNotPermitted,3DPrintingLimited,316056682,2019-08-12T14:17:25Z,,https://www.morphosource.org/concern/media/000084562,https://www.morphosource.org/downloads/000274979?file=thumbnail&t=1604098738,,,ark:/87602/m4/M84562,,,
000084563,,unclassified,False,False,False,Element Unspecified [Mesh] [Etc],,,Mesh,LaserScan,Homo naledi,000S25021,wits:lesedi chamber:102a-022c,,open,,,,Standard,CommercialUseNotPermitted,3DPrintingLimited,7713483,2019-08-12T15:09:14Z,,https://www.morphosource.org/concern/media/000084563,https://www.morphosource.org/downloads/000274980?file=thumbnail&t=1604098742,,,ark:/87602/m4/M84563,,,
000084596,,unclassified,False,False,False,Element Unspecified [Mesh] [Etc],,,Mesh,LaserScan,Homo naledi,000S25037,wits:lesedi chamber:102a-022b,,open,,,,Standard,CommercialUseNotPermitted,3DPrintingLimited,9657036,2019-08-13T07:25:07Z,,https://www.morphosource.org/concern/media/000084596,https://www.morphosource.org/downloads/000274994?file=thumbnail&t=1604098764,,,ark:/87602/m4/M84596,,,
000084597,,unclassified,False,False,False,Element Unspecified [Mesh] [Etc],,,Mesh,LaserScan,Homo naledi,000S25038,wits:lesedi chamber:102a-022a,,open,,,,Standard,CommercialUseNotPermitted,3DPrintingLimited,50209392,2019-08-13T07:53:46Z,,https://www.morphosource.org/concern/media/000084597,https://www.morphosource.org/downloads/000274995?file=thumbnail&t=1604098766,,,ark:/87602/m4/M84597,,,
000084599,,unclassified,False,False,False,Element Unspecified [Mesh] [Etc],,,Mesh,LaserScan,Homo naledi,000S25040,wits:lesedi chamber:102a-011,,open,,,,Standard,CommercialUseNotPermitted,3DPrintingLimited,57241236,2019-08-13T09:11:40Z,,https://www.morphosource.org/concern/media/000084599,https://www.morphosource.org/downloads/000274997?file=thumbnail&t=1604098769,,,ark:/87602/m4/M84599,,,
000100680,,unclassified,False,False,False,Element Unspecified [Mesh] [Etc],,,Mesh,LaserScan,Homo naledi,000S28351,wits:dinaledi:101-910,,open,,,,Standard,CommercialUseNotPermitted,3DPrintingLimited,172724701,2020-02-10T14:42:27Z,,https://www.morphosource.org/concern/media/000100680,https://www.morphosource.org/downloads/000289297?file=thumbnail&t=1604124683,,,ark:/87602/m4/M100680,,,
000100681,,unclassified,False,False,False,Element Unspecified [Mesh] [Etc],,,Mesh,LaserScan,Homo naledi,000S28351,wits:dinaledi:101-910,,open,,,,Standard,CommercialUseNotPermitted,3DPrintingLimited,75437919,2020-02-10T14:43:06Z,,https://www.morphosource.org/concern/media/000100681,https://www.morphosource.org/downloads/000289298?file=thumbnail&t=1604124686,,,ark:/87602/m4/M100681,,,
000100692,,unclassified,False,False,False,Element Unspecified [Mesh] [Etc],,,Mesh,LaserScan,Homo naledi,000S28360,wits:dinaledi:101-1045,,open,,,,Standard,CommercialUseNotPermitted,3DPrintingLimited,22391979,2020-02-10T15:45:01Z,,https://www.morphosource.org/concern/media/000100692,https://www.morphosource.org/downloads/000289307?file=thumbnail&t=1604124700,,,ark:/87602/m4/M100692,,,
000100693,,unclassified,False,False,False,Element Unspecified [Mesh] [Etc],,,Mesh,LaserScan,Homo naledi,000S28360,wits:dinaledi:101-1045,,open,,,,Standard,CommercialUseNotPermitted,3DPrintingLimited,30859269,2020-02-10T15:45:06Z,,https://www.morphosource.org/concern/media/000100693,https://www.morphosource.org/downloads/000289308?file=thumbnail&t=1604124702,,,ark:/87602/m4/M100693,,,
000101040,,unclassified,False,False,False,Element Unspecified [Mesh] [Etc],,,Mesh,LaserScan,Homo naledi,000S28470,wits:dinaledi:101-996+1077+1070,,open,,,,Standard,CommercialUseNotPermitted,3DPrintingLimited,4996836,2020-02-17T14:32:40Z,,https://www.morphosource.org/concern/media/000101040,https://www.morphosource.org/downloads/000289623?file=thumbnail&t=1604125248,,,ark:/87602/m4/M101040,,,
000101041,,unclassified,False,False,False,Element Unspecified [Mesh] [Etc],,,Mesh,LaserScan,Homo naledi,000S28471,wits:dinaledi:101-1120(a),,open,,,,Standard,CommercialUseNotPermitted,3DPrintingLimited,115518208,2020-02-17T14:59:26Z,,https://www.morphosource.org/concern/media/000101041,https://www.morphosource.org/downloads/000289622?file=thumbnail&t=1604125247,,,ark:/87602/m4/M101041,,,
000101100,,unclassified,False,False,False,Element Unspecified [Mesh] [Etc],,,Mesh,LaserScan,Homo naledi,000S28478,wits:dinaledi:101-1120(c),,open,,,,Standard,CommercialUseNotPermitted,3DPrintingLimited,965640906,2020-02-18T11:01:47Z,,https://www.morphosource.org/concern/media/000101100,https://www.morphosource.org/downloads/000289679?file=thumbnail&t=1604125344,,,ark:/87602/m4/M101100,,,
000101203,,unclassified,False,False,False,Element Unspecified [Mesh] [Etc],,,Mesh,LaserScan,Homo naledi,000S28479,wits:dinaledi:101-1120(b),,open,,,,Standard,CommercialUseNotPermitted,3DPrintingLimited,113205863,2020-02-19T06:17:35Z,,https://www.morphosource.org/concern/media/000101203,https://www.morphosource.org/downloads/000289775?file=thumbnail&t=1604125517,,,ark:/87602/m4/M101203,,,
000101386,,unclassified,False,False,False,Element Unspecified [Mesh] [Etc],,,Mesh,LaserScan,Homo naledi,000S28576,wits:lesedi chamber:102b-438,,open,,,,Standard,CommercialUseNotPermitted,3DPrintingLimited,125702738,2020-02-21T13:08:13Z,,https://www.morphosource.org/concern/media/000101386,https://www.morphosource.org/downloads/000289938?file=thumbnail&t=1604125805,,,ark:/87602/m4/M101386,,,
000101460,,unclassified,False,False,False,Element Unspecified [Mesh] [Etc],,,Mesh,LaserScan,Homo naledi,000S28577,wits:lesedi chamber:102b-515,,open,,,,Standard,CommercialUseNotPermitted,3DPrintingLimited,92388372,2020-02-24T06:29:22Z,,https://www.morphosource.org/concern/media/000101460,https://www.morphosource.org/downloads/000290005?file=thumbnail&t=1604125927,,,ark:/87602/m4/M101460,,,
000101462,,unclassified,False,False,False,Element Unspecified [Mesh] [Etc],,,Mesh,LaserScan,Homo naledi,000S28618,wits:lesedi chamber:102b-503,,open,,,,Standard,CommercialUseNotPermitted,3DPrintingLimited,120113491,2020-02-24T11:00:56Z,,https://www.morphosource.org/concern/media/000101462,https://www.morphosource.org/downloads/000290009?file=thumbnail&t=1604125934,,,ark:/87602/m4/M101462,,,
000103745,,unclassified,False,False,False,Element Unspecified [Mesh] [Etc],,,Mesh,LaserScan,Homo naledi,000S29317,wits:lesedi chamber:102b-511,,open,,,,Standard,CommercialUseNotPermitted,3DPrintingLimited,98069578,2020-02-26T10:59:18Z,,https://www.morphosource.org/concern/media/000103745,https://www.morphosource.org/downloads/000290152?file=thumbnail&t=1604126184,,,ark:/87602/m4/M103745,,,
000105086,,unclassified,False,False,False,Element Unspecified [Mesh] [Etc],,,Mesh,LaserScan,Homo naledi,000S29650,wits:lesedi chamber:102b-437,,open,,,,Standard,CommercialUseNotPermitted,3DPrintingLimited,121366194,2020-03-04T12:05:26Z,,https://www.morphosource.org/concern/media/000105086,https://www.morphosource.org/downloads/000291190?file=thumbnail&t=1604127858,,,ark:/87602/m4/M105086,,,
000105289,,unclassified,False,False,False,Element Unspecified [Mesh] [Etc],,,Mesh,LaserScan,Homo naledi,000S29661,wits:lesedi chamber:102b-178,,open,,,,Standard,CommercialUseNotPermitted,3DPrintingLimited,2901375,2020-03-05T11:41:31Z,,https://www.morphosource.org/concern/media/000105289,https://www.morphosource.org/downloads/000291401?file=thumbnail&t=1604128201,,,ark:/87602/m4/M105289,,,
000776958,,unclassified,False,False,False,Element Unspecified [Mesh] [StrLight],,,Mesh,StructuredLight,Homo naledi,000776955,wits:lesedi chamber:U.W. 102a-171,,open,,,,Standard,CommercialUseNotPermitted,3DPrintingLimited,33438625,2025-09-11T15:03:23Z,John Hawks,https://www.morphosource.org/concern/media/000776958,https://www.morphosource.org/downloads/000776959?file=thumbnail&t=1757603003,,,ark:/87602/m4/776958,,,
000776963,,unclassified,False,False,False,Element Unspecified [Mesh] [StrLight],,,Mesh,StructuredLight,Homo naledi,000776960,wits:lesedi chamber:U.W. 102a-172,,open,,,,Standard,CommercialUseNotPermitted,3DPrintingLimited,36866300,2025-09-11T15:12:03Z,John Hawks,https://www.morphosource.org/concern/media/000776963,https://www.morphosource.org/downloads/000776964?file=thumbnail&t=1757603523,,,ark:/87602/m4/776963,,,
